option,SKU,SMSXR,SMSXR-NP,SMSXP,SMSXP-NP,SMSXU,SMSXU-NP,SMDXR,SMDXR-NP,SMDXP,SMDXP-NP,SMDXU,SMDXU-NP,M1SXR,M1SXR-NP,M1SXP,M1SXP-NP,M1SXU,M1SXU-NP,M1DXR,M1DXR-NP,M1DXP,M1DXP-NP,M1DXU,M1DXU-NP,M3SXR,M3SXR-NP,M3SXP,M3SXP-NP,M3SXU,M3SXU-NP,M3DXR,M3DXR-NP,M3DXP,M3DXP-NP,M3DXU,M3DXU-NP,M4SXR,M4SXR-NP,M4SXP,M4SXP-NP,M4SXU,M4SXU-NP,M4DXR,M4DXR-NP,M4DXP,M4DXP-NP,M4DXU,M4DXU-NP,M5SXR,M5SXR-NP,M5SXP,M5SXP-NP,M5SXU,M5SXU-NP,M5DXR,M5DXR-NP,M5DXP,M5DXP-NP,M5DXU,M5DXU-NP
0.2 m / 7 in,020CM,$2.68,$2.90,$6.08,$6.30,$10.04,$10.11,$4.92,$5.36,$9.32,$9.76,$20.03,$20.13,$2.72,$2.94,$6.12,$6.34,$7.12,$7.34,$5.02,$5.44,$9.42,$9.84,$13.42,$13.84,$2.72,$2.94,$6.12,$6.34,$7.12,$7.34,$5.11,$5.21,$9.42,$9.84,$13.42,$13.84,$2.61,$2.65,$6.45,$6.49,$10.07,$10.11,$5.19,$5.23,$12.87,$12.91,$20.11,$20.15,$2.98,$3.20,$6.38,$6.60,$7.38,$7.60,$5.50,$5.92,$9.90,$10.32,$13.90,$14.32
0.3 m / 1 ft,001FT,$2.72,$2.96,$6.09,$6.32,$10.08,$10.19,$4.99,$5.45,$9.39,$9.85,$20.09,$20.24,$2.79,$3.02,$6.19,$6.42,$7.19,$7.42,$5.14,$5.57,$9.54,$9.97,$13.54,$13.97,$2.79,$3.02,$6.19,$6.42,$7.19,$7.42,$5.17,$5.32,$9.54,$9.97,$13.54,$13.97,$2.66,$2.72,$6.50,$6.56,$10.12,$10.18,$5.29,$5.35,$12.97,$13.03,$20.21,$20.27,$3.19,$3.42,$6.59,$6.82,$7.59,$7.82,$5.89,$6.32,$10.29,$10.72,$14.29,$14.72
0.5 m / 1.64 ft,050CM,$2.80,$3.05,$6.15,$6.40,$10.16,$10.34,$5.10,$5.60,$9.50,$10.00,$20.21,$20.46,$2.90,$3.15,$6.30,$6.55,$7.30,$7.55,$5.35,$5.80,$9.75,$10.20,$13.75,$14.20,$2.90,$3.15,$6.30,$6.55,$7.30,$7.55,$5.28,$5.53,$9.75,$10.20,$13.75,$14.20,$2.77,$2.87,$6.61,$6.71,$10.23,$10.33,$5.49,$5.59,$13.17,$13.27,$20.41,$20.51,$3.55,$3.80,$6.95,$7.20,$7.95,$8.20,$6.55,$7.00,$10.95,$11.40,$14.95,$15.40
0.6 m / 2 ft,002FT,$2.84,$3.11,$6.18,$6.44,$10.20,$10.42,$5.17,$5.69,$9.57,$10.09,$20.27,$20.57,$2.97,$3.23,$6.37,$6.63,$7.37,$7.63,$5.47,$5.93,$9.87,$10.33,$13.87,$14.33,$2.97,$3.23,$6.37,$6.63,$7.37,$7.63,$5.34,$5.64,$9.87,$10.33,$13.87,$14.33,$2.83,$2.95,$6.67,$6.79,$10.29,$10.41,$5.60,$5.71,$13.27,$13.39,$20.51,$20.63,$3.76,$4.02,$7.16,$7.42,$8.16,$8.42,$6.94,$7.40,$11.34,$11.80,$15.34,$15.80
0.91 m / 3 ft,003FT,$2.96,$3.26,$6.27,$6.56,$10.32,$10.66,$5.35,$5.93,$9.75,$10.33,$20.46,$20.91,$3.15,$3.44,$6.55,$6.84,$7.55,$7.84,$5.80,$6.29,$10.20,$10.69,$14.20,$14.69,$3.15,$3.44,$6.55,$6.84,$7.55,$7.84,$5.52,$5.97,$10.20,$10.69,$14.20,$14.69,$3.00,$3.18,$6.84,$7.02,$10.46,$10.64,$5.91,$6.09,$13.59,$13.77,$20.83,$21.01,$4.33,$4.62,$7.73,$8.02,$8.73,$9.02,$7.99,$8.48,$12.39,$12.88,$16.39,$16.88
1 m / 3.28 ft,001M,$3.00,$3.30,$6.30,$6.60,$10.36,$10.73,$5.40,$6.00,$9.80,$10.40,$20.51,$21.01,$3.20,$3.50,$6.60,$6.90,$7.60,$7.90,$5.90,$6.40,$10.30,$10.80,$14.30,$14.80,$3.20,$3.50,$6.60,$6.90,$7.60,$7.90,$5.57,$6.07,$10.30,$10.80,$14.30,$14.80,$3.05,$3.25,$6.89,$7.09,$10.51,$10.71,$6.00,$6.20,$13.68,$13.87,$20.92,$21.11,$4.50,$4.80,$7.90,$8.20,$8.90,$9.20,$8.30,$8.80,$12.70,$13.20,$16.70,$17.20
1.21 m / 4 ft,004FT,$3.08,$3.41,$6.36,$6.68,$10.45,$10.89,$5.53,$6.17,$9.93,$10.57,$20.64,$21.24,$3.33,$3.65,$6.73,$7.05,$7.73,$8.05,$6.13,$6.65,$10.53,$11.05,$14.53,$15.05,$3.33,$3.65,$6.73,$7.05,$7.73,$8.05,$5.70,$6.30,$10.53,$11.05,$14.53,$15.05,$3.17,$3.41,$7.01,$7.25,$10.63,$10.87,$6.21,$6.45,$13.89,$14.13,$21.13,$21.37,$4.90,$5.22,$8.30,$8.62,$9.30,$9.62,$9.04,$9.56,$13.44,$13.96,$17.44,$17.96
1.5 m / 4.92 ft,150CM,$3.20,$3.55,$6.45,$6.80,$10.56,$11.12,$5.70,$6.40,$10.10,$10.80,$20.81,$21.56,$3.50,$3.85,$6.90,$7.25,$7.90,$8.25,$6.45,$7.00,$10.85,$11.40,$14.85,$15.40,$3.50,$3.85,$6.90,$7.25,$7.90,$8.25,$5.87,$6.61,$10.85,$11.40,$14.85,$15.40,$3.33,$3.63,$7.17,$7.47,$10.79,$11.09,$6.50,$6.80,$14.18,$14.48,$21.42,$21.72,$5.45,$5.80,$8.85,$9.20,$9.85,$10.20,$10.05,$10.60,$14.45,$15.00,$18.45,$19.00
1.52 m / 5 ft,005FT,$3.21,$3.56,$6.46,$6.81,$10.57,$11.13,$5.71,$6.42,$10.11,$10.82,$20.82,$21.58,$3.51,$3.86,$6.91,$7.26,$7.91,$8.26,$6.47,$7.02,$10.87,$11.42,$14.87,$15.42,$3.51,$3.86,$6.91,$7.26,$7.91,$8.26,$5.88,$6.63,$10.87,$11.42,$14.87,$15.42,$3.34,$3.65,$7.18,$7.49,$10.80,$11.11,$6.52,$6.82,$14.20,$14.50,$21.44,$21.74,$5.49,$5.84,$8.89,$9.24,$9.89,$10.24,$10.12,$10.67,$14.52,$15.07,$18.52,$19.07
1.82 m / 6 ft,006FT,$3.33,$3.71,$6.55,$6.93,$10.69,$11.37,$5.89,$6.66,$10.29,$11.06,$21.00,$21.91,$3.69,$4.07,$7.09,$7.47,$8.09,$8.47,$6.80,$7.38,$11.20,$11.78,$15.20,$15.78,$3.69,$4.07,$7.09,$7.47,$8.09,$8.47,$6.05,$6.96,$11.20,$11.78,$15.20,$15.78,$3.51,$3.87,$7.35,$7.71,$10.97,$11.33,$6.82,$7.18,$14.50,$14.86,$21.74,$22.10,$6.06,$6.44,$9.46,$9.84,$10.46,$10.84,$11.17,$11.75,$15.57,$16.15,$19.57,$20.15
2 m / 6.56 ft,002M,$3.40,$3.80,$6.60,$7.00,$10.77,$11.51,$6.00,$6.80,$10.40,$11.20,$21.11,$22.11,$3.80,$4.20,$7.20,$7.60,$8.20,$8.60,$7.00,$7.60,$11.40,$12.00,$15.40,$16.00,$3.80,$4.20,$7.20,$7.60,$8.20,$8.60,$6.16,$7.15,$11.40,$12.00,$15.40,$16.00,$3.61,$4.01,$7.45,$7.85,$11.07,$11.47,$7.01,$7.40,$14.68,$15.08,$21.92,$22.32,$6.40,$6.80,$9.80,$10.20,$10.80,$11.20,$11.80,$12.40,$16.20,$16.80,$20.20,$20.80
2.12 m / 7 ft,007FT,$3.45,$3.86,$6.64,$7.05,$10.82,$11.60,$6.07,$6.90,$10.47,$11.30,$21.18,$22.24,$3.87,$4.28,$7.27,$7.68,$8.27,$8.68,$7.13,$7.74,$11.53,$12.14,$15.53,$16.14,$3.87,$4.28,$7.27,$7.68,$8.27,$8.68,$6.23,$7.28,$11.53,$12.14,$15.53,$16.14,$3.68,$4.10,$7.51,$7.94,$11.13,$11.56,$7.13,$7.54,$14.80,$15.22,$22.04,$22.46,$6.63,$7.04,$10.03,$10.44,$11.03,$11.44,$12.22,$12.83,$16.62,$17.23,$20.62,$21.23
2.43 m / 8 ft,008FT,$3.57,$4.02,$6.73,$7.17,$10.94,$11.84,$6.26,$7.14,$10.66,$11.54,$21.37,$22.58,$4.06,$4.50,$7.46,$7.90,$8.46,$8.90,$7.47,$8.12,$11.87,$12.52,$15.87,$16.52,$4.06,$4.50,$7.46,$7.90,$8.46,$8.90,$6.41,$7.62,$11.87,$12.52,$15.87,$16.52,$3.85,$4.33,$7.69,$8.17,$11.31,$11.79,$7.44,$7.92,$15.12,$15.60,$22.36,$22.84,$7.22,$7.66,$10.62,$11.06,$11.62,$12.06,$13.31,$13.95,$17.71,$18.35,$21.71,$22.35
2.5 m /  8.20 ft,250CM,$3.60,$4.05,$6.75,$7.20,$10.97,$11.89,$6.30,$7.20,$10.70,$11.60,$21.41,$22.66,$4.10,$4.55,$7.50,$7.95,$8.50,$8.95,$7.55,$8.20,$11.95,$12.60,$15.95,$16.60,$4.10,$4.55,$7.50,$7.95,$8.50,$8.95,$6.45,$7.69,$11.95,$12.60,$15.95,$16.60,$3.89,$4.39,$7.73,$8.23,$11.35,$11.85,$7.51,$8.00,$15.19,$15.68,$22.43,$22.92,$7.35,$7.80,$10.75,$11.20,$11.75,$12.20,$13.55,$14.20,$17.95,$18.60,$21.95,$22.60
2.74 m / 9 ft,009FT,$3.70,$4.17,$6.82,$7.30,$11.07,$12.08,$6.44,$7.39,$10.84,$11.79,$21.55,$22.92,$4.24,$4.72,$7.64,$8.12,$8.64,$9.12,$7.81,$8.49,$12.21,$12.89,$16.21,$16.89,$4.24,$4.72,$7.64,$8.12,$8.64,$9.12,$6.59,$7.95,$12.21,$12.89,$16.21,$16.89,$4.02,$4.57,$7.86,$8.41,$11.48,$12.03,$7.75,$8.29,$15.43,$15.97,$22.67,$23.21,$7.81,$8.28,$11.21,$11.68,$12.21,$12.68,$14.39,$15.06,$18.79,$19.46,$22.79,$23.46
3 m / 9.84 ft,003M,$3.80,$4.30,$6.90,$7.40,$11.17,$12.28,$6.60,$7.60,$11.00,$12.00,$21.71,$23.21,$4.40,$4.90,$7.80,$8.30,$8.80,$9.30,$8.10,$8.80,$12.50,$13.20,$16.50,$17.20,$4.40,$4.90,$7.80,$8.30,$8.80,$9.30,$6.74,$8.23,$12.50,$13.20,$16.50,$17.20,$4.17,$4.77,$8.00,$8.61,$11.62,$12.23,$8.01,$8.60,$15.69,$16.28,$22.93,$23.52,$8.30,$8.80,$11.70,$12.20,$12.70,$13.20,$15.30,$16.00,$19.70,$20.40,$23.70,$24.40
3.05 m / 10 ft,010FT,$3.82,$4.33,$6.92,$7.42,$11.19,$12.32,$6.63,$7.64,$11.03,$12.04,$21.74,$23.27,$4.43,$4.94,$7.83,$8.34,$8.83,$9.34,$8.16,$8.86,$12.56,$13.26,$16.56,$17.26,$4.43,$4.94,$7.83,$8.34,$8.83,$9.34,$6.77,$8.29,$12.56,$13.26,$16.56,$17.26,$4.19,$4.80,$8.03,$8.64,$11.65,$12.26,$8.06,$8.66,$15.74,$16.34,$22.98,$23.58,$8.40,$8.90,$11.80,$12.30,$12.80,$13.30,$15.48,$16.18,$19.88,$20.58,$23.88,$24.58
3.5 m / 11.48 ft,350CM,$4.00,$4.55,$7.05,$7.60,$11.38,$12.67,$6.90,$8.00,$11.30,$12.40,$22.01,$23.76,$4.70,$5.25,$8.10,$8.65,$9.10,$9.65,$8.65,$9.40,$13.05,$13.80,$17.05,$17.80,$4.70,$5.25,$8.10,$8.65,$9.10,$9.65,$7.03,$8.77,$13.05,$13.80,$17.05,$17.80,$4.44,$5.14,$8.28,$8.98,$11.90,$12.60,$8.52,$9.21,$16.19,$16.88,$23.43,$24.12,$9.25,$9.80,$12.65,$13.20,$13.65,$14.20,$17.05,$17.80,$21.45,$22.20,$25.45,$26.20
3.65 m / 12 ft,012FT,$4.06,$4.63,$7.10,$7.66,$11.44,$12.78,$6.99,$8.12,$11.39,$12.52,$22.10,$23.93,$4.79,$5.36,$8.19,$8.76,$9.19,$9.76,$8.82,$9.58,$13.22,$13.98,$17.22,$17.98,$4.79,$5.36,$8.19,$8.76,$9.19,$9.76,$7.12,$8.93,$13.22,$13.98,$17.22,$17.98,$4.53,$5.26,$8.37,$9.10,$11.99,$12.72,$8.67,$9.39,$16.35,$17.06,$23.59,$24.30,$9.54,$10.10,$12.94,$13.50,$13.94,$14.50,$17.58,$18.34,$21.98,$22.74,$25.98,$26.74
4 m / 13.12 ft,004M,$4.20,$4.80,$7.20,$7.80,$11.58,$13.06,$7.20,$8.40,$11.60,$12.80,$22.31,$24.31,$5.00,$5.60,$8.40,$9.00,$9.40,$10.00,$9.20,$10.00,$13.60,$14.40,$17.60,$18.40,$5.00,$5.60,$8.40,$9.00,$9.40,$10.00,$7.32,$9.31,$13.60,$14.40,$17.60,$18.40,$4.72,$5.52,$8.56,$9.36,$12.18,$12.98,$9.02,$9.81,$16.70,$17.49,$23.94,$24.73,$10.20,$10.80,$13.60,$14.20,$14.60,$15.20,$18.80,$19.60,$23.20,$24.00,$27.20,$28.00
4.26 m / 14 ft,014FT,$4.30,$4.93,$7.28,$7.90,$11.68,$13.26,$7.36,$8.61,$11.76,$13.01,$22.47,$24.60,$5.16,$5.78,$8.56,$9.18,$9.56,$10.18,$9.49,$10.31,$13.89,$14.71,$17.89,$18.71,$5.16,$5.78,$8.56,$9.18,$9.56,$10.18,$7.47,$9.59,$13.89,$14.71,$17.89,$18.71,$4.87,$5.72,$8.71,$9.56,$12.33,$13.18,$9.28,$10.12,$16.96,$17.80,$24.20,$25.04,$10.69,$11.32,$14.09,$14.72,$15.09,$15.72,$19.71,$20.54,$24.11,$24.94,$28.11,$28.94
4.57 m / 15 ft,015FT,$4.43,$5.09,$7.37,$8.03,$11.81,$13.50,$7.54,$8.86,$11.94,$13.26,$22.65,$24.94,$5.34,$6.00,$8.74,$9.40,$9.74,$10.40,$9.83,$10.68,$14.23,$15.08,$18.23,$19.08,$5.34,$6.00,$8.74,$9.40,$9.74,$10.40,$7.66,$9.93,$14.23,$15.08,$18.23,$19.08,$5.04,$5.95,$8.88,$9.79,$12.50,$13.41,$9.59,$10.49,$17.27,$18.17,$24.51,$25.41,$11.28,$11.94,$14.68,$15.34,$15.68,$16.34,$20.80,$21.65,$25.20,$26.05,$29.20,$30.05
4.87 m / 16 ft,016FT,$4.55,$5.24,$7.46,$8.15,$11.93,$13.73,$7.72,$9.10,$12.12,$13.50,$22.83,$25.27,$5.52,$6.21,$8.92,$9.61,$9.92,$10.61,$10.16,$11.04,$14.56,$15.44,$18.56,$19.44,$5.52,$6.21,$8.92,$9.61,$9.92,$10.61,$7.83,$10.25,$14.56,$15.44,$18.56,$19.44,$5.21,$6.18,$9.05,$10.02,$12.67,$13.64,$9.90,$10.85,$17.57,$18.53,$24.81,$25.77,$11.85,$12.54,$15.25,$15.94,$16.25,$16.94,$21.85,$22.73,$26.25,$27.13,$30.25,$31.13
5 m / 16.40 ft,005M,$4.60,$5.30,$7.50,$8.20,$11.99,$13.83,$7.80,$9.20,$12.20,$13.60,$22.91,$25.41,$5.60,$6.30,$9.00,$9.70,$10.00,$10.70,$10.30,$11.20,$14.70,$15.60,$18.70,$19.60,$5.60,$6.30,$9.00,$9.70,$10.00,$10.70,$7.91,$10.39,$14.70,$15.60,$18.70,$19.60,$5.28,$6.28,$9.12,$10.12,$12.74,$13.74,$10.03,$11.01,$17.71,$18.69,$24.95,$25.93,$12.10,$12.80,$15.50,$16.20,$16.50,$17.20,$22.30,$23.20,$26.70,$27.60,$30.70,$31.60
5.48 m / 18 ft,018FT,$4.79,$5.54,$7.64,$8.39,$12.18,$14.20,$8.09,$9.58,$12.49,$13.98,$23.20,$25.94,$5.89,$6.64,$9.29,$10.04,$10.29,$11.04,$10.83,$11.78,$15.23,$16.18,$19.23,$20.18,$5.89,$6.64,$9.29,$10.04,$10.29,$11.04,$8.19,$10.91,$15.23,$16.18,$19.23,$20.18,$5.55,$6.64,$9.38,$10.48,$13.00,$14.10,$10.51,$11.59,$18.19,$19.27,$25.43,$26.51,$13.01,$13.76,$16.41,$17.16,$17.41,$18.16,$23.98,$24.93,$28.38,$29.33,$32.38,$33.33
6 m / 19.68 ft,006M,$5.00,$5.80,$7.80,$8.60,$12.39,$14.61,$8.40,$10.00,$12.80,$14.40,$23.51,$26.51,$6.20,$7.00,$9.60,$10.40,$10.60,$11.40,$11.40,$12.40,$15.80,$16.80,$19.80,$20.80,$6.20,$7.00,$9.60,$10.40,$10.60,$11.40,$8.49,$11.47,$15.80,$16.80,$19.80,$20.80,$5.83,$7.04,$9.67,$10.88,$13.29,$14.50,$11.03,$12.22,$18.71,$19.89,$25.95,$27.13,$14.00,$14.80,$17.40,$18.20,$18.40,$19.20,$25.80,$26.80,$30.20,$31.20,$34.20,$35.20
6.09 m / 20 ft,020FT,$5.04,$5.85,$7.83,$8.64,$12.43,$14.67,$8.45,$10.07,$12.85,$14.47,$23.56,$26.61,$6.25,$7.06,$9.65,$10.46,$10.65,$11.46,$11.50,$12.51,$15.90,$16.91,$19.90,$20.91,$6.25,$7.06,$9.65,$10.46,$10.65,$11.46,$8.54,$11.57,$15.90,$16.91,$19.90,$20.91,$5.88,$7.10,$9.72,$10.94,$13.34,$14.56,$11.12,$12.32,$18.80,$20.00,$26.04,$27.24,$14.17,$14.98,$17.57,$18.38,$18.57,$19.38,$26.12,$27.12,$30.52,$31.52,$34.52,$35.52
7 m / 22.96 ft,007M,$5.40,$6.30,$8.10,$9.00,$12.80,$15.38,$9.00,$10.80,$13.40,$15.20,$24.11,$27.61,$6.80,$7.70,$10.20,$11.10,$11.20,$12.10,$12.50,$13.60,$16.90,$18.00,$20.90,$22.00,$6.80,$7.70,$10.20,$11.10,$11.20,$12.10,$9.07,$12.55,$16.90,$18.00,$20.90,$22.00,$6.39,$7.79,$10.23,$11.63,$13.85,$15.25,$12.04,$13.42,$19.72,$21.10,$26.96,$28.34,$15.90,$16.80,$19.30,$20.20,$20.30,$21.20,$29.30,$30.40,$33.70,$34.80,$37.70,$38.80
7.62 m / 25 ft,025FT,$5.65,$6.61,$8.29,$9.25,$13.05,$15.86,$9.37,$11.30,$13.77,$15.70,$24.48,$28.29,$7.17,$8.13,$10.57,$11.53,$11.57,$12.53,$13.18,$14.34,$17.58,$18.74,$21.58,$22.74,$7.17,$8.13,$10.57,$11.53,$11.57,$12.53,$9.43,$13.22,$17.58,$18.74,$21.58,$22.74,$6.74,$8.26,$10.58,$12.10,$14.20,$15.72,$12.66,$14.17,$20.34,$21.84,$27.58,$29.08,$17.08,$18.04,$20.48,$21.44,$21.48,$22.44,$31.47,$32.63,$35.87,$37.03,$39.87,$41.03
8 m / 26.24 ft,008M,$5.80,$6.80,$8.40,$9.40,$13.20,$16.16,$9.60,$11.60,$14.00,$16.00,$24.71,$28.71,$7.40,$8.40,$10.80,$11.80,$11.80,$12.80,$13.60,$14.80,$18.00,$19.20,$22.00,$23.20,$7.40,$8.40,$10.80,$11.80,$11.80,$12.80,$9.66,$13.63,$18.00,$19.20,$22.00,$23.20,$6.95,$8.55,$10.79,$12.39,$14.41,$16.01,$13.05,$14.62,$20.73,$22.30,$27.97,$29.54,$17.80,$18.80,$21.20,$22.20,$22.20,$23.20,$32.80,$34.00,$37.20,$38.40,$41.20,$42.40
9 m / 29.52 ft,009M,$6.20,$7.30,$8.70,$9.80,$13.61,$16.93,$10.20,$12.40,$14.60,$16.80,$25.31,$29.81,$8.00,$9.10,$11.40,$12.50,$12.40,$13.50,$14.70,$16.00,$19.10,$20.40,$23.10,$24.40,$8.00,$9.10,$11.40,$12.50,$12.40,$13.50,$10.24,$14.71,$19.10,$20.40,$23.10,$24.40,$7.50,$9.31,$11.34,$13.15,$14.96,$16.77,$14.05,$15.83,$21.73,$23.51,$28.97,$30.75,$19.70,$20.80,$23.10,$24.20,$24.10,$25.20,$36.30,$37.60,$40.70,$42.00,$44.70,$46.00
9.14 m / 30 ft,030FT,$6.26,$7.37,$8.74,$9.86,$13.67,$17.04,$10.28,$12.51,$14.68,$16.91,$25.39,$29.96,$8.08,$9.20,$11.48,$12.60,$12.48,$13.60,$14.85,$16.17,$19.25,$20.57,$23.25,$24.57,$8.08,$9.20,$11.48,$12.60,$12.48,$13.60,$10.32,$14.86,$19.25,$20.57,$23.25,$24.57,$7.58,$9.41,$11.42,$13.25,$15.04,$16.87,$14.19,$16.00,$21.87,$23.67,$29.11,$30.91,$19.97,$21.08,$23.37,$24.48,$24.37,$25.48,$36.79,$38.10,$41.19,$42.50,$45.19,$46.50
10 m / 32.80 ft,010M,$6.60,$7.80,$9.00,$10.20,$14.02,$17.71,$10.80,$13.20,$15.20,$17.60,$25.91,$30.91,$8.60,$9.80,$12.00,$13.20,$13.00,$14.20,$15.80,$17.20,$20.20,$21.60,$24.20,$25.60,$8.60,$9.80,$12.00,$13.20,$13.00,$14.20,$10.82,$15.79,$20.20,$21.60,$24.20,$25.60,$8.06,$10.06,$11.90,$13.90,$15.52,$17.52,$15.06,$17.03,$22.74,$24.71,$29.98,$31.95,$21.60,$22.80,$25.00,$26.20,$26.00,$27.20,$39.80,$41.20,$44.20,$45.60,$48.20,$49.60
12 m / 39.37 ft,012M,$7.40,$8.80,$9.60,$11.00,$14.83,$19.26,$12.00,$14.80,$16.40,$19.20,$27.11,$33.11,$9.80,$11.20,$13.20,$14.60,$14.20,$15.60,$18.00,$19.60,$22.40,$24.00,$26.40,$28.00,$9.80,$11.20,$13.20,$14.60,$14.20,$15.60,$11.99,$17.95,$22.40,$24.00,$26.40,$28.00,$9.17,$11.58,$13.01,$15.42,$16.63,$19.04,$17.08,$19.44,$24.75,$27.12,$31.99,$34.36,$25.40,$26.80,$28.80,$30.20,$29.80,$31.20,$46.80,$48.40,$51.20,$52.80,$55.20,$56.80
12.19 m / 40 ft,040FT,$7.48,$8.90,$9.66,$11.08,$14.90,$19.40,$12.11,$14.95,$16.51,$19.35,$27.22,$33.32,$9.91,$11.33,$13.31,$14.73,$14.31,$15.73,$18.21,$19.83,$22.61,$24.23,$26.61,$28.23,$9.91,$11.33,$13.31,$14.73,$14.31,$15.73,$12.10,$18.16,$22.61,$24.23,$26.61,$28.23,$9.28,$11.72,$13.12,$15.56,$16.74,$19.18,$17.27,$19.67,$24.95,$27.35,$32.19,$34.59,$25.76,$27.18,$29.16,$30.58,$30.16,$31.58,$47.47,$49.08,$51.87,$53.48,$55.87,$57.48
15 m / 49.21 ft,015M,$8.60,$10.30,$10.50,$12.20,$16.05,$21.58,$13.80,$17.20,$18.20,$21.60,$28.91,$36.41,$11.60,$13.30,$15.00,$16.70,$16.00,$17.70,$21.30,$23.20,$25.70,$27.60,$29.70,$31.60,$11.60,$13.30,$15.00,$16.70,$16.00,$17.70,$13.74,$21.19,$25.70,$27.60,$29.70,$31.60,$10.84,$13.85,$14.68,$17.69,$18.30,$21.31,$20.10,$23.05,$27.78,$30.73,$35.02,$37.97,$31.10,$32.80,$34.50,$36.20,$35.50,$37.20,$57.30,$59.20,$61.70,$63.60,$65.70,$67.60
15.24 m / 50 ft,050FT,$8.70,$10.42,$10.57,$12.30,$16.14,$21.77,$13.94,$17.39,$18.34,$21.79,$29.05,$36.67,$11.74,$13.47,$15.14,$16.87,$16.14,$17.87,$21.56,$23.49,$25.96,$27.89,$29.96,$31.89,$11.74,$13.47,$15.14,$16.87,$16.14,$17.87,$13.88,$21.45,$25.96,$27.89,$29.96,$31.89,$10.98,$14.03,$14.82,$17.87,$18.44,$21.49,$20.34,$23.34,$28.02,$31.02,$35.26,$38.26,$31.56,$33.28,$34.96,$36.68,$35.96,$37.68,$58.14,$60.06,$62.54,$64.46,$66.54,$68.46
17 m /  55.77 ft,017M,$9.40,$11.30,$11.10,$13.00,$16.86,$23.13,$15.00,$18.80,$19.40,$23.20,$30.11,$38.61,$12.80,$14.70,$16.20,$18.10,$17.20,$19.10,$23.50,$25.60,$27.90,$30.00,$31.90,$34.00,$12.80,$14.70,$16.20,$18.10,$17.20,$19.10,$14.90,$23.35,$27.90,$30.00,$31.90,$34.00,$11.96,$15.36,$15.80,$19.20,$19.42,$22.82,$22.11,$25.46,$29.79,$33.14,$37.03,$40.38,$34.90,$36.80,$38.30,$40.20,$39.30,$41.20,$64.30,$66.40,$68.70,$70.80,$72.70,$74.80
18.28 m / 60 ft,060FT,$9.91,$11.94,$11.48,$13.51,$17.38,$24.12,$15.77,$19.82,$20.17,$24.22,$30.88,$40.02,$13.57,$15.60,$16.97,$19.00,$17.97,$20.00,$24.91,$27.14,$29.31,$31.54,$33.31,$35.54,$13.57,$15.60,$16.97,$19.00,$17.97,$20.00,$15.65,$24.73,$29.31,$31.54,$33.31,$35.54,$12.67,$16.33,$16.51,$20.17,$20.13,$23.79,$23.40,$27.00,$31.08,$34.68,$38.32,$41.92,$37.33,$39.36,$40.73,$42.76,$41.73,$43.76,$68.78,$71.01,$73.18,$75.41,$77.18,$79.41
20 m /  65.61 ft,020M,$10.60,$12.80,$12.00,$14.20,$18.08,$25.46,$16.80,$21.20,$21.20,$25.60,$31.91,$41.91,$14.60,$16.80,$18.00,$20.20,$19.00,$21.20,$26.80,$29.20,$31.20,$33.60,$35.20,$37.60,$14.60,$16.80,$18.00,$20.20,$19.00,$21.20,$16.65,$26.59,$31.20,$33.60,$35.20,$37.60,$13.63,$17.63,$17.47,$21.47,$21.09,$25.09,$25.13,$29.07,$32.81,$36.75,$40.05,$43.99,$40.60,$42.80,$44.00,$46.20,$45.00,$47.20,$74.80,$77.20,$79.20,$81.60,$83.20,$85.60
21.33 m / 70 ft,070FT,$11.13,$13.47,$12.40,$14.73,$18.61,$26.49,$17.60,$22.26,$22.00,$26.66,$32.71,$43.37,$15.40,$17.73,$18.80,$21.13,$19.80,$22.13,$28.26,$30.80,$32.66,$35.20,$36.66,$39.20,$15.40,$17.73,$18.80,$21.13,$19.80,$22.13,$17.43,$28.03,$32.66,$35.20,$36.66,$39.20,$14.37,$18.64,$18.21,$22.48,$21.83,$26.10,$26.47,$30.67,$34.15,$38.35,$41.39,$45.59,$43.13,$45.46,$46.53,$48.86,$47.53,$49.86,$79.46,$81.99,$83.86,$86.39,$87.86,$90.39
22 m /  72.17 ft,022M,$11.40,$13.80,$12.60,$15.00,$18.89,$27.01,$18.00,$22.80,$22.40,$27.20,$33.11,$44.11,$15.80,$18.20,$19.20,$21.60,$20.20,$22.60,$29.00,$31.60,$33.40,$36.00,$37.40,$40.00,$15.80,$18.20,$19.20,$21.60,$20.20,$22.60,$17.82,$28.75,$33.40,$36.00,$37.40,$40.00,$14.74,$19.15,$18.58,$22.98,$22.20,$26.60,$27.15,$31.48,$34.82,$39.16,$42.06,$46.40,$44.40,$46.80,$47.80,$50.20,$48.80,$51.20,$81.80,$84.40,$86.20,$88.80,$90.20,$92.80
22.86 m / 75 ft,075FT,$11.74,$14.23,$12.86,$15.34,$19.24,$27.67,$18.52,$23.49,$22.92,$27.89,$33.63,$45.06,$16.32,$18.80,$19.72,$22.20,$20.72,$23.20,$29.95,$32.63,$34.35,$37.03,$38.35,$41.03,$16.32,$18.80,$19.72,$22.20,$20.72,$23.20,$18.32,$29.68,$34.35,$37.03,$38.35,$41.03,$15.22,$19.80,$19.06,$23.64,$22.68,$27.26,$28.01,$32.51,$35.69,$40.19,$42.93,$47.43,$46.03,$48.52,$49.43,$51.92,$50.43,$52.92,$84.81,$87.50,$89.21,$91.90,$93.21,$95.90
24.38 m / 80 ft,080FT,$12.35,$14.99,$13.31,$15.95,$19.85,$28.85,$19.43,$24.70,$23.83,$29.10,$34.54,$46.73,$17.23,$19.87,$20.63,$23.27,$21.63,$24.27,$31.62,$34.46,$36.02,$38.86,$40.02,$42.86,$17.23,$19.87,$20.63,$23.27,$21.63,$24.27,$19.20,$31.32,$36.02,$38.86,$40.02,$42.86,$16.06,$20.95,$19.90,$24.79,$23.52,$28.41,$29.54,$34.34,$37.22,$42.02,$44.46,$49.26,$48.92,$51.56,$52.32,$54.96,$53.32,$55.96,$90.13,$92.97,$94.53,$97.37,$98.53,$101.37
25 m /  82.02 ft,025M,$12.60,$15.30,$13.50,$16.20,$20.11,$29.33,$19.80,$25.20,$24.20,$29.60,$34.91,$47.41,$17.60,$20.30,$21.00,$23.70,$22.00,$24.70,$32.30,$35.20,$36.70,$39.60,$40.70,$43.60,$17.60,$20.30,$21.00,$23.70,$22.00,$24.70,$19.57,$31.99,$36.70,$39.60,$40.70,$43.60,$16.41,$21.42,$20.25,$25.26,$23.87,$28.88,$30.17,$35.09,$37.85,$42.77,$45.09,$50.01,$50.10,$52.80,$53.50,$56.20,$54.50,$57.20,$92.30,$95.20,$96.70,$99.60,$100.70,$103.60
27.43 m / 90 ft,090FT,$13.57,$16.52,$14.23,$17.17,$21.09,$31.21,$21.26,$27.14,$25.66,$31.54,$36.37,$50.08,$19.06,$22.00,$22.46,$25.40,$23.46,$26.40,$34.97,$38.12,$39.37,$42.52,$43.37,$46.52,$19.06,$22.00,$22.46,$25.40,$23.46,$26.40,$20.98,$34.62,$39.37,$42.52,$43.37,$46.52,$17.76,$23.25,$21.60,$27.09,$25.22,$30.71,$32.61,$38.02,$40.29,$45.70,$47.53,$52.94,$54.72,$57.66,$58.12,$61.06,$59.12,$62.06,$100.81,$103.95,$105.21,$108.35,$109.21,$112.35
30 m /  98.42 ft,030M,$14.60,$17.80,$15.00,$18.20,$22.14,$33.21,$22.80,$29.20,$27.20,$33.60,$37.91,$52.91,$20.60,$23.80,$24.00,$27.20,$25.00,$28.20,$37.80,$41.20,$42.20,$45.60,$46.20,$49.60,$20.60,$23.80,$24.00,$27.20,$25.00,$28.20,$22.48,$37.39,$42.20,$45.60,$46.20,$49.60,$19.19,$25.20,$23.03,$29.04,$26.65,$32.66,$35.20,$41.11,$42.88,$48.79,$50.12,$56.03,$59.60,$62.80,$63.00,$66.20,$64.00,$67.20,$109.80,$113.20,$114.20,$117.60,$118.20,$121.60
30.48 m /  100 ft,100FT,$14.79,$18.04,$15.14,$18.39,$22.33,$33.58,$23.09,$29.58,$27.49,$33.98,$38.20,$53.44,$20.89,$24.14,$24.29,$27.54,$25.29,$28.54,$38.33,$41.78,$42.73,$46.18,$46.73,$50.18,$20.89,$24.14,$24.29,$27.54,$25.29,$28.54,$22.76,$37.91,$42.73,$46.18,$46.73,$50.18,$19.46,$25.56,$23.30,$29.40,$26.92,$33.02,$35.68,$41.69,$43.36,$49.37,$50.60,$56.61,$60.51,$63.76,$63.91,$67.16,$64.91,$68.16,$111.48,$114.93,$115.88,$119.33,$119.88,$123.33
33.52 m / 110 ft,110FT,$16.01,$19.56,$16.06,$19.61,$23.56,$35.93,$24.91,$32.02,$29.31,$36.42,$40.02,$56.78,$22.71,$26.26,$26.11,$29.66,$27.11,$30.66,$41.67,$45.42,$46.07,$49.82,$50.07,$53.82,$22.71,$26.26,$26.11,$29.66,$27.11,$30.66,$24.53,$41.19,$46.07,$49.82,$50.07,$53.82,$21.15,$27.86,$24.99,$31.70,$28.61,$35.32,$38.75,$45.35,$46.42,$53.03,$53.66,$60.27,$66.29,$69.84,$69.69,$73.24,$70.69,$74.24,$122.12,$125.87,$126.52,$130.27,$130.52,$134.27
35 m / 114.82 ft,035M,$16.60,$20.30,$16.50,$20.20,$24.17,$37.08,$25.80,$33.20,$30.20,$37.60,$40.91,$58.41,$23.60,$27.30,$27.00,$30.70,$28.00,$31.70,$43.30,$47.20,$47.70,$51.60,$51.70,$55.60,$23.60,$27.30,$27.00,$30.70,$28.00,$31.70,$25.40,$42.79,$47.70,$51.60,$51.70,$55.60,$21.97,$28.98,$25.81,$32.82,$29.43,$36.44,$40.24,$47.13,$47.92,$54.81,$55.16,$62.05,$69.10,$72.80,$72.50,$76.20,$73.50,$77.20,$127.30,$131.20,$131.70,$135.60,$135.70,$139.60
36.57 m / 120 ft,120FT,$17.23,$21.09,$16.97,$20.83,$24.80,$38.30,$26.74,$34.46,$31.14,$38.86,$41.85,$60.14,$24.54,$28.40,$27.94,$31.80,$28.94,$32.80,$45.03,$49.08,$49.43,$53.48,$53.43,$57.48,$24.54,$28.40,$27.94,$31.80,$28.94,$32.80,$26.31,$44.49,$49.43,$53.48,$53.43,$57.48,$22.85,$30.17,$26.69,$34.01,$30.31,$37.63,$41.82,$49.02,$49.50,$56.70,$56.74,$63.94,$72.08,$75.94,$75.48,$79.34,$76.48,$80.34,$132.80,$136.85,$137.20,$141.25,$141.20,$145.25
38.1 m / 125 ft,125FT,$17.84,$21.85,$17.43,$21.44,$25.42,$39.48,$27.66,$35.68,$32.06,$40.08,$42.77,$61.82,$25.46,$29.47,$28.86,$32.87,$29.86,$33.87,$46.71,$50.92,$51.11,$55.32,$55.11,$59.32,$25.46,$29.47,$28.86,$32.87,$29.86,$33.87,$27.20,$46.14,$51.11,$55.32,$55.11,$59.32,$23.70,$31.33,$27.54,$35.17,$31.16,$38.79,$43.36,$50.86,$51.04,$58.54,$58.28,$65.78,$74.99,$79.00,$78.39,$82.40,$79.39,$83.40,$138.15,$142.36,$142.55,$146.76,$146.55,$150.76
39.62 m / 130 ft,130FT,$18.45,$22.61,$17.89,$22.05,$26.04,$40.66,$28.57,$36.90,$32.97,$41.30,$43.68,$63.49,$26.37,$30.53,$29.77,$33.93,$30.77,$34.93,$48.38,$52.74,$52.78,$57.14,$56.78,$61.14,$26.37,$30.53,$29.77,$33.93,$30.77,$34.93,$28.09,$47.78,$52.78,$57.14,$56.78,$61.14,$24.54,$32.48,$28.38,$36.32,$32.00,$39.94,$44.89,$52.69,$52.57,$60.37,$59.81,$67.61,$77.88,$82.04,$81.28,$85.44,$82.28,$86.44,$143.47,$147.83,$147.87,$152.23,$151.87,$156.23
40 m / 131.23 ft,040M,$18.60,$22.80,$18.00,$22.20,$26.20,$40.96,$28.80,$37.20,$33.20,$41.60,$43.91,$63.91,$26.60,$30.80,$30.00,$34.20,$31.00,$35.20,$48.80,$53.20,$53.20,$57.60,$57.20,$61.60,$26.60,$30.80,$30.00,$34.20,$31.00,$35.20,$28.31,$48.19,$53.20,$57.60,$57.20,$61.60,$24.76,$32.77,$28.60,$36.61,$32.22,$40.23,$45.27,$53.15,$52.95,$60.83,$60.19,$68.07,$78.60,$82.80,$82.00,$86.20,$83.00,$87.20,$144.80,$149.20,$149.20,$153.60,$153.20,$157.60
42.67 m / 140 ft,140FT,$19.67,$24.14,$18.80,$23.27,$27.28,$43.02,$30.40,$39.34,$34.80,$43.74,$45.51,$66.85,$28.20,$32.67,$31.60,$36.07,$32.60,$37.07,$51.74,$56.40,$56.14,$60.80,$60.14,$64.80,$28.20,$32.67,$31.60,$36.07,$32.60,$37.07,$29.87,$51.07,$56.14,$60.80,$60.14,$64.80,$26.24,$34.79,$30.08,$38.63,$33.70,$42.25,$47.96,$56.37,$55.64,$64.04,$62.88,$71.28,$83.67,$88.14,$87.07,$91.54,$88.07,$92.54,$154.15,$158.81,$158.55,$163.21,$162.55,$167.21
45.72 m / 150 ft,150FT,$20.89,$25.66,$19.72,$24.49,$28.52,$45.39,$32.23,$41.78,$36.63,$46.18,$47.34,$70.20,$30.03,$34.80,$33.43,$38.20,$34.43,$39.20,$55.09,$60.06,$59.49,$64.46,$63.49,$68.46,$30.03,$34.80,$33.43,$38.20,$34.43,$39.20,$31.65,$54.37,$59.49,$64.46,$63.49,$68.46,$27.94,$37.10,$31.78,$40.94,$35.40,$44.56,$51.03,$60.04,$58.71,$67.72,$65.95,$74.96,$89.47,$94.24,$92.87,$97.64,$93.87,$98.64,$164.82,$169.79,$169.22,$174.19,$173.22,$178.19
48.76 m / 160 ft,160FT,$22.10,$27.18,$20.63,$25.70,$29.75,$47.74,$34.06,$44.21,$38.46,$48.61,$49.17,$73.55,$31.86,$36.93,$35.26,$40.33,$36.26,$41.33,$58.44,$63.71,$62.84,$68.11,$66.84,$72.11,$31.86,$36.93,$35.26,$40.33,$36.26,$41.33,$33.42,$57.65,$62.84,$68.11,$66.84,$72.11,$29.63,$39.40,$33.47,$43.24,$37.09,$46.86,$54.09,$63.70,$61.77,$71.38,$69.01,$78.62,$95.24,$100.32,$98.64,$103.72,$99.64,$104.72,$175.46,$180.74,$179.86,$185.14,$183.86,$189.14
50 m / 164.04 ft,050M,$22.60,$27.80,$21.00,$26.20,$30.26,$48.71,$34.80,$45.20,$39.20,$49.60,$49.91,$74.91,$32.60,$37.80,$36.00,$41.20,$37.00,$42.20,$59.80,$65.20,$64.20,$69.60,$68.20,$73.60,$32.60,$37.80,$36.00,$41.20,$37.00,$42.20,$34.14,$58.99,$64.20,$69.60,$68.20,$73.60,$30.32,$40.34,$34.16,$44.18,$37.78,$47.80,$55.34,$65.19,$63.02,$72.87,$70.26,$80.11,$97.60,$102.80,$101.00,$106.20,$102.00,$107.20,$179.80,$185.20,$184.20,$189.60,$188.20,$193.60
53.34 m / 175 ft,175FT,$23.94,$29.47,$22.00,$27.54,$31.61,$51.29,$36.80,$47.87,$41.20,$52.27,$51.91,$78.58,$34.60,$40.14,$38.00,$43.54,$39.00,$44.54,$63.47,$69.21,$67.87,$73.61,$71.87,$77.61,$34.60,$40.14,$38.00,$43.54,$39.00,$44.54,$36.09,$62.60,$67.87,$73.61,$71.87,$77.61,$32.18,$42.86,$36.02,$46.70,$39.64,$50.32,$58.70,$69.21,$66.38,$76.89,$73.62,$84.13,$103.95,$109.48,$107.35,$112.88,$108.35,$113.88,$191.49,$197.22,$195.89,$201.62,$199.89,$205.62
54.86 m / 180 ft,180FT,$24.54,$30.23,$22.46,$28.14,$32.23,$52.47,$37.72,$49.09,$42.12,$53.49,$52.83,$80.26,$35.52,$41.20,$38.92,$44.60,$39.92,$45.60,$65.15,$71.03,$69.55,$75.43,$73.55,$79.43,$35.52,$41.20,$38.92,$44.60,$39.92,$45.60,$36.97,$64.24,$69.55,$75.43,$73.55,$79.43,$33.03,$44.01,$36.86,$47.85,$40.48,$51.47,$60.24,$71.04,$67.91,$78.72,$75.15,$85.96,$106.83,$112.52,$110.23,$115.92,$111.23,$116.92,$196.81,$202.70,$201.21,$207.10,$205.21,$211.10
55 m / 180.44 ft,055M,$24.60,$30.30,$22.50,$28.20,$32.29,$52.58,$37.80,$49.20,$42.20,$53.60,$52.91,$80.41,$35.60,$41.30,$39.00,$44.70,$40.00,$45.70,$65.30,$71.20,$69.70,$75.60,$73.70,$79.60,$35.60,$41.30,$39.00,$44.70,$40.00,$45.70,$37.06,$64.39,$69.70,$75.60,$73.70,$79.60,$33.10,$44.12,$36.94,$47.96,$40.56,$51.58,$60.38,$71.21,$68.06,$78.89,$75.30,$86.13,$107.10,$112.80,$110.50,$116.20,$111.50,$117.20,$197.30,$203.20,$201.70,$207.60,$205.70,$211.60
60.96 m / 200 ft,200FT,$26.98,$33.28,$24.29,$30.58,$34.70,$57.20,$41.38,$53.97,$45.78,$58.37,$56.49,$86.97,$39.18,$45.47,$42.58,$48.87,$43.58,$49.87,$71.86,$78.35,$76.26,$82.75,$80.26,$86.75,$39.18,$45.47,$42.58,$48.87,$43.58,$49.87,$40.53,$70.83,$76.26,$82.75,$80.26,$86.75,$36.42,$48.63,$40.26,$52.47,$43.88,$56.09,$66.38,$78.39,$74.06,$86.07,$81.30,$93.31,$118.42,$124.72,$121.82,$128.12,$122.82,$129.12,$218.16,$224.66,$222.56,$229.06,$226.56,$233.06
65 m / 213.25 ft,065M,$28.60,$35.30,$25.50,$32.20,$36.35,$60.33,$43.80,$57.20,$48.20,$61.60,$58.91,$91.41,$41.60,$48.30,$45.00,$51.70,$46.00,$52.70,$76.30,$83.20,$80.70,$87.60,$84.70,$91.60,$41.60,$48.30,$45.00,$51.70,$46.00,$52.70,$42.89,$75.19,$80.70,$87.60,$84.70,$91.60,$38.67,$51.69,$42.51,$55.53,$46.13,$59.15,$70.45,$83.25,$78.13,$90.93,$85.37,$98.17,$126.10,$132.80,$129.50,$136.20,$130.50,$137.20,$232.30,$239.20,$236.70,$243.60,$240.70,$247.60
67.05 m / 220 ft,220FT,$29.42,$36.33,$26.12,$33.02,$37.18,$61.92,$45.03,$58.84,$49.43,$63.24,$60.14,$93.67,$42.83,$49.74,$46.23,$53.14,$47.23,$54.14,$78.56,$85.66,$82.96,$90.06,$86.96,$94.06,$42.83,$49.74,$46.23,$53.14,$47.23,$54.14,$44.08,$77.41,$82.96,$90.06,$86.96,$94.06,$39.81,$53.24,$43.65,$57.08,$47.27,$60.70,$72.51,$85.72,$80.19,$93.40,$87.43,$100.64,$130.00,$136.90,$133.40,$140.30,$134.40,$141.30,$239.48,$246.58,$243.88,$250.98,$247.88,$254.98
68.58 m / 225 ft,225FT,$30.03,$37.09,$26.57,$33.63,$37.80,$63.10,$45.95,$60.06,$50.35,$64.46,$61.06,$95.35,$43.75,$50.81,$47.15,$54.21,$48.15,$55.21,$80.24,$87.50,$84.64,$91.90,$88.64,$95.90,$43.75,$50.81,$47.15,$54.21,$48.15,$55.21,$44.97,$79.06,$84.64,$91.90,$88.64,$95.90,$40.66,$54.40,$44.50,$58.24,$48.12,$61.86,$74.05,$87.56,$81.73,$95.24,$88.97,$102.48,$132.90,$139.96,$136.30,$143.36,$137.30,$144.36,$244.83,$252.09,$249.23,$256.49,$253.23,$260.49
70 m / 229.65 ft,070M,$30.60,$37.80,$27.00,$34.20,$38.38,$64.21,$46.80,$61.20,$51.20,$65.60,$61.91,$96.91,$44.60,$51.80,$48.00,$55.20,$49.00,$56.20,$81.80,$89.20,$86.20,$93.60,$90.20,$97.60,$44.60,$51.80,$48.00,$55.20,$49.00,$56.20,$45.80,$80.59,$86.20,$93.60,$90.20,$97.60,$41.45,$55.47,$45.29,$59.31,$48.91,$62.93,$75.48,$89.27,$83.16,$96.95,$90.40,$104.19,$135.60,$142.80,$139.00,$146.20,$140.00,$147.20,$249.80,$257.20,$254.20,$261.60,$258.20,$265.60
73.15 m / 240 ft,240FT,$31.86,$39.38,$27.95,$35.46,$39.65,$66.65,$48.69,$63.72,$53.09,$68.12,$63.80,$100.38,$46.49,$54.01,$49.89,$57.41,$50.89,$58.41,$85.27,$92.98,$89.67,$97.38,$93.67,$101.38,$46.49,$54.01,$49.89,$57.41,$50.89,$58.41,$47.64,$83.99,$89.67,$97.38,$93.67,$101.38,$43.20,$57.86,$47.04,$61.69,$50.66,$65.31,$78.65,$93.06,$86.33,$100.74,$93.57,$107.98,$141.59,$149.10,$144.99,$152.50,$145.99,$153.50,$260.83,$268.54,$265.23,$272.94,$269.23,$276.94
76.20 m /  250 ft,250FT,$33.08,$40.90,$28.86,$36.68,$40.89,$69.01,$50.52,$66.16,$54.92,$70.56,$65.63,$103.73,$48.32,$56.14,$51.72,$59.54,$52.72,$60.54,$88.62,$96.64,$93.02,$101.04,$97.02,$105.04,$48.32,$56.14,$51.72,$59.54,$52.72,$60.54,$49.42,$87.29,$93.02,$101.04,$97.02,$105.04,$44.90,$60.16,$48.74,$64.00,$52.36,$67.62,$81.72,$96.74,$89.40,$104.41,$96.64,$111.65,$147.38,$155.20,$150.78,$158.60,$151.78,$159.60,$271.50,$279.52,$275.90,$283.92,$279.90,$287.92
79.24 m / 260 ft,260FT,$34.30,$42.42,$29.77,$37.90,$42.13,$71.37,$52.34,$68.59,$56.74,$72.99,$67.45,$107.07,$50.14,$58.27,$53.54,$61.67,$54.54,$62.67,$91.96,$100.29,$96.36,$104.69,$100.36,$108.69,$50.14,$58.27,$53.54,$61.67,$54.54,$62.67,$51.19,$90.57,$96.36,$104.69,$100.36,$108.69,$46.59,$62.46,$50.43,$66.30,$54.05,$69.92,$84.79,$100.40,$92.46,$108.07,$99.70,$115.31,$153.16,$161.28,$156.56,$164.68,$157.56,$165.68,$282.14,$290.46,$286.54,$294.86,$290.54,$298.86
80 m / 262.46 ft,080M,$34.60,$42.80,$30.00,$38.20,$42.44,$71.96,$52.80,$69.20,$57.20,$73.60,$67.91,$107.91,$50.60,$58.80,$54.00,$62.20,$55.00,$63.20,$92.80,$101.20,$97.20,$105.60,$101.20,$109.60,$50.60,$58.80,$54.00,$62.20,$55.00,$63.20,$51.63,$91.39,$97.20,$105.60,$101.20,$109.60,$47.02,$63.04,$50.86,$66.88,$54.48,$70.50,$85.55,$101.31,$93.23,$108.99,$100.47,$116.23,$154.60,$162.80,$158.00,$166.20,$159.00,$167.20,$284.80,$293.20,$289.20,$297.60,$293.20,$301.60
83.82 m / 275 ft,275FT,$36.13,$44.71,$31.15,$39.73,$43.99,$74.92,$55.09,$72.26,$59.49,$76.66,$70.20,$112.11,$52.89,$61.47,$56.29,$64.87,$57.29,$65.87,$97.00,$105.78,$101.40,$110.18,$105.40,$114.18,$52.89,$61.47,$56.29,$64.87,$57.29,$65.87,$53.86,$95.52,$101.40,$110.18,$105.40,$114.18,$49.14,$65.93,$52.98,$69.77,$56.60,$73.39,$89.40,$105.91,$97.08,$113.59,$104.32,$120.83,$161.86,$170.44,$165.26,$173.84,$166.26,$174.84,$298.17,$306.95,$302.57,$311.35,$306.57,$315.35
85.34 m / 280 ft,280FT,$36.74,$45.47,$31.60,$40.34,$44.60,$76.09,$56.00,$73.47,$60.40,$77.87,$71.11,$113.78,$53.80,$62.54,$57.20,$65.94,$58.20,$66.94,$98.67,$107.61,$103.07,$112.01,$107.07,$116.01,$53.80,$62.54,$57.20,$65.94,$58.20,$66.94,$54.74,$97.16,$103.07,$112.01,$107.07,$116.01,$49.99,$67.08,$53.83,$70.92,$57.45,$74.54,$90.93,$107.74,$98.61,$115.42,$105.85,$122.66,$164.75,$173.48,$168.15,$176.88,$169.15,$177.88,$303.49,$312.42,$307.89,$316.82,$311.89,$320.82
90 m / 295.27 ft,090M,$38.60,$47.80,$33.00,$42.20,$46.50,$79.71,$58.80,$77.20,$63.20,$81.60,$73.91,$118.91,$56.60,$65.80,$60.00,$69.20,$61.00,$70.20,$103.80,$113.20,$108.20,$117.60,$112.20,$121.60,$56.60,$65.80,$60.00,$69.20,$61.00,$70.20,$57.46,$102.19,$108.20,$117.60,$112.20,$121.60,$52.58,$70.61,$56.42,$74.45,$60.04,$78.07,$95.62,$113.35,$103.30,$121.03,$110.54,$128.27,$173.60,$182.80,$177.00,$186.20,$178.00,$187.20,$319.80,$329.20,$324.20,$333.60,$328.20,$337.60
91.44 m /  300 ft,300FT,$39.18,$48.52,$33.43,$42.78,$47.08,$80.82,$59.66,$78.35,$64.06,$82.75,$74.77,$120.49,$57.46,$66.81,$60.86,$70.21,$61.86,$71.21,$105.38,$114.93,$109.78,$119.33,$113.78,$123.33,$57.46,$66.81,$60.86,$70.21,$61.86,$71.21,$58.30,$103.75,$109.78,$119.33,$113.78,$123.33,$53.38,$71.70,$57.22,$75.54,$60.84,$79.16,$97.07,$115.08,$104.75,$122.76,$111.99,$130.00,$176.34,$185.68,$179.74,$189.08,$180.74,$190.08,$324.84,$334.38,$329.24,$338.78,$333.24,$342.78
95 m /  311.67 ft,095M,$40.60,$50.30,$34.50,$44.20,$48.53,$83.58,$61.80,$81.20,$66.20,$85.60,$76.91,$124.41,$59.60,$69.30,$63.00,$72.70,$64.00,$73.70,$109.30,$119.20,$113.70,$123.60,$117.70,$127.60,$59.60,$69.30,$63.00,$72.70,$64.00,$73.70,$60.38,$107.59,$113.70,$123.60,$117.70,$127.60,$55.36,$74.39,$59.20,$78.23,$62.82,$81.85,$100.66,$119.37,$108.34,$127.05,$115.58,$134.29,$183.10,$192.80,$186.50,$196.20,$187.50,$197.20,$337.30,$347.20,$341.70,$351.60,$345.70,$355.60
99.06 m / 325 ft,325FT,$42.22,$52.33,$35.72,$45.82,$50.17,$86.73,$64.24,$84.45,$68.64,$88.85,$79.35,$128.88,$62.04,$72.14,$65.44,$75.54,$66.44,$76.54,$113.77,$124.07,$118.17,$128.47,$122.17,$132.47,$62.04,$72.14,$65.44,$75.54,$66.44,$76.54,$62.74,$111.98,$118.17,$128.47,$122.17,$132.47,$57.62,$77.46,$61.46,$81.30,$65.08,$84.92,$104.74,$124.26,$112.42,$131.94,$119.66,$139.18,$190.81,$200.92,$194.21,$204.32,$195.21,$205.32,$351.51,$361.82,$355.91,$366.22,$359.91,$370.22
100 m / 328.08 ft,100M,$42.60,$52.80,$36.00,$46.20,$50.56,$87.46,$64.80,$85.20,$69.20,$89.60,$79.91,$129.91,$62.60,$72.80,$66.00,$76.20,$67.00,$77.20,$114.80,$125.20,$119.20,$129.60,$123.20,$133.60,$62.60,$72.80,$66.00,$76.20,$67.00,$77.20,$63.29,$112.99,$119.20,$129.60,$123.20,$133.60,$58.15,$78.18,$61.99,$82.02,$65.61,$85.64,$105.69,$125.39,$113.37,$133.07,$120.61,$140.31,$192.60,$202.80,$196.00,$206.20,$197.00,$207.20,$354.80,$365.20,$359.20,$369.60,$363.20,$373.60
106.68 m / 350 ft,350FT,$45.27,$56.14,$38.00,$48.87,$53.27,$92.63,$68.81,$90.54,$73.21,$94.94,$83.92,$137.26,$66.61,$77.48,$70.01,$80.88,$71.01,$81.88,$122.15,$133.22,$126.55,$137.62,$130.55,$141.62,$66.61,$77.48,$70.01,$80.88,$71.01,$81.88,$67.19,$120.21,$126.55,$137.62,$130.55,$141.62,$61.86,$83.23,$65.70,$87.07,$69.32,$90.69,$112.42,$133.43,$120.10,$141.11,$127.34,$148.35,$205.29,$216.16,$208.69,$219.56,$209.69,$220.56,$378.18,$389.25,$382.58,$393.65,$386.58,$397.65
114.3 m / 375 ft,375FT,$48.32,$59.95,$40.29,$51.92,$56.36,$98.54,$73.38,$96.64,$77.78,$101.04,$88.49,$145.64,$71.18,$82.81,$74.58,$86.21,$75.58,$87.21,$130.53,$142.36,$134.93,$146.76,$138.93,$150.76,$71.18,$82.81,$74.58,$86.21,$75.58,$87.21,$71.63,$128.44,$134.93,$146.76,$138.93,$150.76,$66.10,$89.00,$69.94,$92.84,$73.56,$96.46,$120.09,$142.61,$127.77,$150.29,$135.01,$157.53,$219.77,$231.40,$223.17,$234.80,$224.17,$235.80,$404.85,$416.68,$409.25,$421.08,$413.25,$425.08
121.92 m / 400 ft,400FT,$51.37,$63.76,$42.58,$54.97,$59.45,$104.44,$77.95,$102.74,$82.35,$107.14,$93.06,$154.02,$75.75,$88.14,$79.15,$91.54,$80.15,$92.54,$138.91,$151.50,$143.31,$155.90,$147.31,$159.90,$75.75,$88.14,$79.15,$91.54,$80.15,$92.54,$76.07,$136.66,$143.31,$155.90,$147.31,$159.90,$70.34,$94.76,$74.18,$98.60,$77.80,$102.22,$127.76,$151.78,$135.44,$159.46,$142.68,$166.70,$234.25,$246.64,$237.65,$250.04,$238.65,$251.04,$431.52,$444.11,$435.92,$448.51,$439.92,$452.51
125 m /  410.10 ft,125M,$52.60,$65.30,$43.50,$56.20,$60.71,$106.83,$79.80,$105.20,$84.20,$109.60,$94.91,$157.41,$77.60,$90.30,$81.00,$93.70,$82.00,$94.70,$142.30,$155.20,$146.70,$159.60,$150.70,$163.60,$77.60,$90.30,$81.00,$93.70,$82.00,$94.70,$77.87,$139.99,$146.70,$159.60,$150.70,$163.60,$72.06,$97.10,$75.90,$100.94,$79.52,$104.56,$130.87,$155.49,$138.55,$163.17,$145.79,$170.41,$240.10,$252.80,$243.50,$256.20,$244.50,$257.20,$442.30,$455.20,$446.70,$459.60,$450.70,$463.60
129.54 m / 425 ft,425FT,$54.42,$67.57,$44.86,$58.02,$62.55,$110.35,$82.52,$108.83,$86.92,$113.23,$97.63,$162.40,$80.32,$93.48,$83.72,$96.88,$84.72,$97.88,$147.29,$160.65,$151.69,$165.05,$155.69,$169.05,$80.32,$93.48,$83.72,$96.88,$84.72,$97.88,$80.51,$144.89,$151.69,$165.05,$155.69,$169.05,$74.58,$100.53,$78.42,$104.37,$82.04,$107.99,$135.44,$160.96,$143.12,$168.64,$150.36,$175.88,$248.73,$261.88,$252.13,$265.28,$253.13,$266.28,$458.19,$471.54,$462.59,$475.94,$466.59,$479.94
137.16 m / 450 ft,450FT,$57.46,$71.38,$47.15,$61.06,$65.64,$116.25,$87.10,$114.93,$91.50,$119.33,$102.21,$170.79,$84.90,$98.81,$88.30,$102.21,$89.30,$103.21,$155.68,$169.79,$160.08,$174.19,$164.08,$178.19,$84.90,$98.81,$88.30,$102.21,$89.30,$103.21,$84.96,$153.12,$160.08,$174.19,$164.08,$178.19,$78.83,$106.30,$82.66,$110.14,$86.28,$113.76,$143.11,$170.13,$150.79,$177.81,$158.03,$185.05,$263.20,$277.12,$266.60,$280.52,$267.60,$281.52,$484.86,$498.98,$489.26,$503.38,$493.26,$507.38
144.78 m / 475 ft,475FT,$60.51,$75.19,$49.43,$64.11,$68.74,$122.16,$91.67,$121.02,$96.07,$125.42,$106.78,$179.17,$89.47,$104.15,$92.87,$107.55,$93.87,$108.55,$164.06,$178.94,$168.46,$183.34,$172.46,$187.34,$89.47,$104.15,$92.87,$107.55,$93.87,$108.55,$89.40,$161.35,$168.46,$183.34,$172.46,$187.34,$83.07,$112.07,$86.91,$115.90,$90.53,$119.52,$150.78,$179.31,$158.46,$186.99,$165.70,$194.23,$277.68,$292.36,$281.08,$295.76,$282.08,$296.76,$511.53,$526.41,$515.93,$530.81,$519.93,$534.81
150 m / 492.12 ft,150M,$62.60,$77.80,$51.00,$66.20,$70.86,$126.21,$94.80,$125.20,$99.20,$129.60,$109.91,$184.91,$92.60,$107.80,$96.00,$111.20,$97.00,$112.20,$169.80,$185.20,$174.20,$189.60,$178.20,$193.60,$92.60,$107.80,$96.00,$111.20,$97.00,$112.20,$92.44,$166.99,$174.20,$189.60,$178.20,$193.60,$85.97,$116.02,$89.81,$119.86,$93.43,$123.48,$156.04,$185.59,$163.72,$193.27,$170.96,$200.51,$287.60,$302.80,$291.00,$306.20,$292.00,$307.20,$529.80,$545.20,$534.20,$549.60,$538.20,$553.60
152.40 m / 500 ft,500FT,$63.56,$79.00,$51.72,$67.16,$71.83,$128.07,$96.24,$127.12,$100.64,$131.52,$111.35,$187.55,$94.04,$109.48,$97.44,$112.88,$98.44,$113.88,$172.44,$188.08,$176.84,$192.48,$180.84,$196.48,$94.04,$109.48,$97.44,$112.88,$98.44,$113.88,$93.84,$169.58,$176.84,$192.48,$180.84,$196.48,$87.31,$117.83,$91.15,$121.67,$94.77,$125.29,$158.46,$188.48,$166.14,$196.16,$173.38,$203.40,$292.16,$307.60,$295.56,$311.00,$296.56,$312.00,$538.20,$553.84,$542.60,$558.24,$546.60,$562.24
160.02 m / 525 ft,525FT,$66.61,$82.81,$54.01,$70.21,$74.92,$133.97,$100.81,$133.22,$105.21,$137.62,$115.92,$195.93,$98.61,$114.81,$102.01,$118.21,$103.01,$119.21,$180.82,$197.22,$185.22,$201.62,$189.22,$205.62,$98.61,$114.81,$102.01,$118.21,$103.01,$119.21,$98.28,$177.81,$185.22,$201.62,$189.22,$205.62,$91.55,$123.60,$95.39,$127.44,$99.01,$131.06,$166.13,$197.66,$173.81,$205.33,$181.05,$212.57,$306.64,$322.84,$310.04,$326.24,$311.04,$327.24,$564.87,$581.27,$569.27,$585.67,$573.27,$589.67
167.64 m / 550 ft,550FT,$69.66,$86.62,$56.29,$73.26,$78.02,$139.88,$105.38,$139.31,$109.78,$143.71,$120.49,$204.31,$103.18,$120.15,$106.58,$123.55,$107.58,$124.55,$189.20,$206.37,$193.60,$210.77,$197.60,$214.77,$103.18,$120.15,$106.58,$123.55,$107.58,$124.55,$102.73,$186.04,$193.60,$210.77,$197.60,$214.77,$95.79,$129.37,$99.63,$133.20,$103.25,$136.82,$173.80,$206.83,$181.48,$214.51,$188.72,$221.75,$321.12,$338.08,$324.52,$341.48,$325.52,$342.48,$591.54,$608.70,$595.94,$613.10,$599.94,$617.10
175 m / 574.14 ft,175M,$72.60,$90.30,$58.50,$76.20,$81.01,$145.58,$109.80,$145.20,$114.20,$149.60,$124.91,$212.41,$107.60,$125.30,$111.00,$128.70,$112.00,$129.70,$197.30,$215.20,$201.70,$219.60,$205.70,$223.60,$107.60,$125.30,$111.00,$128.70,$112.00,$129.70,$107.02,$193.99,$201.70,$219.60,$205.70,$223.60,$99.88,$134.94,$103.72,$138.78,$107.34,$142.40,$181.22,$215.69,$188.90,$223.37,$196.14,$230.61,$335.10,$352.80,$338.50,$356.20,$339.50,$357.20,$617.30,$635.20,$621.70,$639.60,$625.70,$643.60
182.88 m / 600 ft,600FT,$75.75,$94.24,$60.86,$79.35,$84.20,$151.69,$114.53,$151.50,$118.93,$155.90,$129.64,$221.08,$112.33,$130.82,$115.73,$134.22,$116.73,$135.22,$205.97,$224.66,$210.37,$229.06,$214.37,$233.06,$112.33,$130.82,$115.73,$134.22,$116.73,$135.22,$111.61,$202.50,$210.37,$229.06,$214.37,$233.06,$104.27,$140.90,$108.11,$144.74,$111.73,$148.36,$189.15,$225.18,$196.83,$232.86,$204.07,$240.10,$350.07,$368.56,$353.47,$371.96,$354.47,$372.96,$644.88,$663.57,$649.28,$667.97,$653.28,$671.97
200 m / 656.16 ft,200M,$82.60,$102.80,$66.00,$86.20,$91.16,$164.96,$124.80,$165.20,$129.20,$169.60,$139.91,$239.91,$122.60,$142.80,$126.00,$146.20,$127.00,$147.20,$224.80,$245.20,$229.20,$249.60,$233.20,$253.60,$122.60,$142.80,$126.00,$146.20,$127.00,$147.20,$121.59,$220.99,$229.20,$249.60,$233.20,$253.60,$113.80,$153.86,$117.64,$157.70,$121.26,$161.32,$206.39,$245.79,$214.07,$253.47,$221.31,$260.71,$382.60,$402.80,$386.00,$406.20,$387.00,$407.20,$704.80,$725.20,$709.20,$729.60,$713.20,$733.60
250 m / 820.20 ft,250M,$102.60,$127.80,$81.00,$106.20,$111.46,$203.71,$154.80,$205.20,$159.20,$209.60,$169.91,$294.91,$152.60,$177.80,$156.00,$181.20,$157.00,$182.20,$279.80,$305.20,$284.20,$309.60,$288.20,$313.60,$152.60,$177.80,$156.00,$181.20,$157.00,$182.20,$150.74,$274.99,$284.20,$309.60,$288.20,$313.60,$141.62,$191.70,$145.46,$195.54,$149.08,$199.16,$256.74,$305.99,$264.42,$313.67,$271.66,$320.91,$477.60,$502.80,$481.00,$506.20,$482.00,$507.20,$879.80,$905.20,$884.20,$909.60,$888.20,$913.60
300 m / 984.25 ft,300M,$122.60,$152.80,$96.00,$126.20,$131.76,$242.46,$184.80,$245.20,$189.20,$249.60,$199.91,$349.91,$182.60,$212.80,$186.00,$216.20,$187.00,$217.20,$334.80,$365.20,$339.20,$369.60,$343.20,$373.60,$182.60,$212.80,$186.00,$216.20,$187.00,$217.20,$179.89,$328.99,$339.20,$369.60,$343.20,$373.60,$169.45,$229.54,$173.29,$233.38,$176.91,$237.00,$307.09,$366.19,$314.77,$373.87,$322.01,$381.11,$572.60,$602.80,$576.00,$606.20,$577.00,$607.20,"$1,054.80","$1,085.20","$1,059.20","$1,089.60","$1,063.20","$1,093.60"
304.8 m / 1000 ft,1000FT,$124.52,$155.20,$97.44,$128.12,$133.70,$246.18,$187.68,$249.04,$192.08,$253.44,$202.79,$355.19,$185.48,$216.16,$188.88,$219.56,$189.88,$220.56,$340.08,$370.96,$344.48,$375.36,$348.48,$379.36,$185.48,$216.16,$188.88,$219.56,$189.88,$220.56,$182.69,$334.18,$344.48,$375.36,$348.48,$379.36,$172.12,$233.17,$175.96,$237.01,$179.58,$240.63,$311.92,$371.97,$319.60,$379.65,$326.84,$386.89,$581.72,$612.40,$585.12,$615.80,$586.12,$616.80,"$1,071.60","$1,102.48","$1,076.00","$1,106.88","$1,080.00","$1,110.88"
350 m / 1148.29 ft,350M,$142.60,$177.80,$111.00,$146.20,$152.06,$281.21,$214.80,$285.20,$219.20,$289.60,$229.91,$404.91,$212.60,$247.80,$216.00,$251.20,$217.00,$252.20,$389.80,$425.20,$394.20,$429.60,$398.20,$433.60,$212.60,$247.80,$216.00,$251.20,$217.00,$252.20,$209.04,$382.99,$394.20,$429.60,$398.20,$433.60,$197.27,$267.38,$201.11,$271.22,$204.73,$274.84,$357.44,$426.39,$365.12,$434.07,$372.36,$441.31,$667.60,$702.80,$671.00,$706.20,$672.00,$707.20,"$1,229.80","$1,265.20","$1,234.20","$1,269.60","$1,238.20","$1,273.60"
400 m / 1312.33 ft,400M,$162.60,$202.80,$126.00,$166.20,$172.36,$319.96,$244.80,$325.20,$249.20,$329.60,$259.91,$459.91,$242.60,$282.80,$246.00,$286.20,$247.00,$287.20,$444.80,$485.20,$449.20,$489.60,$453.20,$493.60,$242.60,$282.80,$246.00,$286.20,$247.00,$287.20,$238.19,$436.99,$449.20,$489.60,$453.20,$493.60,$225.10,$305.22,$228.94,$309.06,$232.56,$312.68,$407.79,$486.59,$415.47,$494.27,$422.71,$501.51,$762.60,$802.80,$766.00,$806.20,$767.00,$807.20,"$1,404.80","$1,445.20","$1,409.20","$1,449.60","$1,413.20","$1,453.60"
500 m / 1640.41 ft,500M,$202.60,$252.80,$156.00,$206.20,$212.96,$397.46,$304.80,$405.20,$309.20,$409.60,$319.91,$569.91,$302.60,$352.80,$306.00,$356.20,$307.00,$357.20,$554.80,$605.20,$559.20,$609.60,$563.20,$613.60,$302.60,$352.80,$306.00,$356.20,$307.00,$357.20,$296.49,$544.99,$559.20,$609.60,$563.20,$613.60,$280.75,$380.90,$284.59,$384.74,$288.21,$388.36,$508.49,$606.99,$516.17,$614.67,$523.41,$621.91,$952.60,"$1,002.80",$956.00,"$1,006.20",$957.00,"$1,007.20","$1,754.80","$1,805.20","$1,759.20","$1,809.60","$1,763.20","$1,813.60"
550 m / 1804.46 ft,550M,$222.60,$277.80,$171.00,$226.20,$233.26,$436.21,$334.80,$445.20,$339.20,$449.60,$349.91,$624.91,$332.60,$387.80,$336.00,$391.20,$337.00,$392.20,$609.80,$665.20,$614.20,$669.60,$618.20,$673.60,$332.60,$387.80,$336.00,$391.20,$337.00,$392.20,$325.64,$598.99,$614.20,$669.60,$618.20,$673.60,$308.57,$418.74,$312.41,$422.58,$316.03,$426.20,$558.84,$667.19,$566.52,$674.87,$573.76,$682.11,"$1,047.60","$1,102.80","$1,051.00","$1,106.20","$1,052.00","$1,107.20","$1,929.80","$1,985.20","$1,934.20","$1,989.60","$1,938.20","$1,993.60"
1000 m / 3280.83 ft,1000M,$402.60,$502.80,$306.00,$406.20,$415.96,$784.96,$604.80,$805.20,$609.20,$809.60,$619.91,"$1,119.91",,,,,,,,,,,,,,,,,,,,,,,,,,,,763.14,,766.76,,,,"$1,216.67",,"$1,223.91",,,,,,,,,,,,
2000 m / 6561.66 ft,2000M,$802.60,"$1,002.80",$606.00,$806.20,$821.96,"$1,559.96","$1,204.80","$1,605.20","$1,209.20","$1,609.60","$1,219.91","$2,219.91",,,,,,,,,,,,,,,,,,,,,,,,,,,,1519.94,,1523.56,,,,"$2,420.67",,"$2,427.91",,,,,,,,,,,,
