option,SKU,SNSMU,SNSMU-NP,SNSMP,SNSMP-NP,SNSMR,SNSMR-NP,SNM3U,SNM3U-NP,SNM3P,SNM3P-NP,SNM3R,SNM3R-NP,SNM4U,SNM4U-NP,SNM4P,SNM4P-NP,SNM4R,SNM4R-NP,SNM5U,SNM5U-NP,SNM5P,SNM5P-NP,SNM5R,SNM5R-NP,EPSMR,EPSMR-NP,EPM4R,EPM4R-NP,SPSMR,SPSMR-NP,SPM4R,SPM4R-NP
0.2 m / 7 in,020CM,$29.98,$30.03,$12.12,$12.16,$9.00,$9.05,$16.22,$16.24,$12.22,$12.24,$7.42,$7.44,$16.28,$16.30,$12.28,$12.30,$9.08,$9.18,$16.70,$16.72,$12.70,$12.72,$7.90,$7.92,$10.20 ,$10.25 ,$10.28 ,$10.38 ,$9.80 ,$9.85 ,$9.88 ,$9.98 
0.3 m / 1 ft,001FT,$30.04,$30.12,$12.19,$12.25,$9.06,$9.13,$16.34,$16.37,$12.34,$12.37,$7.54,$7.57,$16.43,$16.47,$12.43,$12.47,$9.19,$9.33,$17.09,$17.12,$13.09,$13.12,$8.29,$8.32,$10.26 ,$10.33 ,$10.39 ,$10.53 ,$9.86 ,$9.93 ,$9.99 ,$10.13 
0.5 m / 1.64 ft,050CM,$30.16,$30.29,$12.30,$12.40,$9.18,$9.30,$16.55,$16.60,$12.55,$12.60,$7.75,$7.80,$16.70,$16.75,$12.70,$12.75,$9.39,$9.62,$17.75,$17.80,$13.75,$13.80,$8.95,$9.00,$10.38 ,$10.50 ,$10.59 ,$10.82 ,$9.98 ,$10.10 ,$10.19 ,$10.42 
0.6 m / 2 ft,002FT,$30.22,$30.37,$12.37,$12.49,$9.24,$9.38,$16.67,$16.73,$12.67,$12.73,$7.87,$7.93,$16.85,$16.92,$12.85,$12.92,$9.49,$9.77,$18.14,$18.20,$14.14,$14.20,$9.34,$9.40,$10.44 ,$10.58 ,$10.69 ,$10.97 ,$10.04 ,$10.18 ,$10.29 ,$10.57 
0.91 m / 3 ft,003FT,$30.41,$30.63,$12.55,$12.73,$9.42,$9.64,$17.00,$17.09,$13.00,$13.09,$8.20,$8.29,$17.27,$17.37,$13.27,$13.37,$9.81,$10.23,$19.19,$19.28,$15.19,$15.28,$10.39,$10.48,$10.62 ,$10.84 ,$11.01 ,$11.43 ,$10.22 ,$10.44 ,$10.61 ,$11.03 
1 m / 3.28 ft,001M,$30.46,$30.71,$12.60,$12.80,$9.48,$9.72,$17.10,$17.20,$13.10,$13.20,$8.30,$8.40,$17.40,$17.50,$13.40,$13.50,$9.90,$10.37,$19.50,$19.60,$15.50,$15.60,$10.70,$10.80,$10.68 ,$10.92 ,$11.10 ,$11.57 ,$10.28 ,$10.52 ,$10.70 ,$11.17 
1.21 m / 4 ft,004FT,$30.59,$30.88,$12.73,$12.97,$9.60,$9.90,$17.33,$17.45,$13.33,$13.45,$8.53,$8.65,$17.69,$17.82,$13.69,$13.82,$10.12,$10.68,$20.24,$20.36,$16.24,$16.36,$11.44,$11.56,$10.80 ,$11.10 ,$11.32 ,$11.88 ,$10.40 ,$10.70 ,$10.92 ,$11.48 
1.5 m / 4.92 ft,150CM,$30.76,$31.13,$12.90,$13.20,$9.78,$10.14,$17.65,$17.80,$13.65,$13.80,$8.85,$9.00,$18.10,$18.25,$14.10,$14.25,$10.41,$11.11,$21.25,$21.40,$17.25,$17.40,$12.45,$12.60,$10.98 ,$11.34 ,$11.61 ,$12.31 ,$10.58 ,$10.94 ,$11.21 ,$11.91 
1.52 m / 5 ft,005FT,$30.77,$31.14,$12.91,$13.22,$9.79,$10.16,$17.67,$17.82,$13.67,$13.82,$8.87,$9.02,$18.13,$18.28,$14.13,$14.28,$10.43,$11.14,$21.32,$21.47,$17.32,$17.47,$12.52,$12.67,$10.99 ,$11.36 ,$11.63 ,$12.34 ,$10.59 ,$10.96 ,$11.23 ,$11.94 
1.82 m / 6 ft,006FT,$30.95,$31.39,$13.09,$13.46,$9.97,$10.41,$18.00,$18.18,$14.00,$14.18,$9.20,$9.38,$18.55,$18.73,$14.55,$14.73,$10.74,$11.58,$22.37,$22.55,$18.37,$18.55,$13.57,$13.75,$11.17 ,$11.61 ,$11.94 ,$12.78 ,$10.77 ,$11.21 ,$11.54 ,$12.38 
2 m / 6.56 ft,002M,$31.06,$31.55,$13.20,$13.60,$10.08,$10.56,$18.20,$18.40,$14.20,$14.40,$9.40,$9.60,$18.80,$19.00,$14.80,$15.00,$10.93,$11.85,$23.00,$23.20,$19.00,$19.20,$14.20,$14.40,$11.28 ,$11.76 ,$12.13 ,$13.05 ,$10.88 ,$11.36 ,$11.73 ,$12.65 
2.12 m / 7 ft,007FT,$31.13,$31.65,$13.27,$13.70,$10.15,$10.66,$18.33,$18.54,$14.33,$14.54,$9.53,$9.74,$18.97,$19.18,$14.97,$15.18,$11.05,$12.03,$23.42,$23.63,$19.42,$19.63,$14.62,$14.83,$11.35 ,$11.86 ,$12.25 ,$13.23 ,$10.95 ,$11.46 ,$11.85 ,$12.83 
2.43 m / 8 ft,008FT,$31.32,$31.91,$13.46,$13.94,$10.33,$10.92,$18.67,$18.92,$14.67,$14.92,$9.87,$10.12,$19.40,$19.65,$15.40,$15.65,$11.37,$12.49,$24.51,$24.75,$20.51,$20.75,$15.71,$15.95,$11.53 ,$12.12 ,$12.57 ,$13.69 ,$11.13 ,$11.72 ,$12.17 ,$13.29 
2.5 m /  8.20 ft,250CM,$31.36,$31.97,$13.50,$14.00,$10.38,$10.98,$18.75,$19.00,$14.75,$15.00,$9.95,$10.20,$19.50,$19.75,$15.50,$15.75,$11.44,$12.59,$24.75,$25.00,$20.75,$21.00,$15.95,$16.20,$11.58 ,$12.18 ,$12.64 ,$13.79 ,$11.18 ,$11.78 ,$12.24 ,$13.39 
2.74 m / 9 ft,009FT,$31.50,$32.17,$13.64,$14.19,$10.52,$11.18,$19.01,$19.29,$15.01,$15.29,$10.21,$10.49,$19.84,$20.11,$15.84,$16.11,$11.68,$12.95,$25.59,$25.86,$21.59,$21.86,$16.79,$17.06,$11.72 ,$12.38 ,$12.88 ,$14.15 ,$11.32 ,$11.98 ,$12.48 ,$13.75 
3 m / 9.84 ft,003M,$31.66,$32.39,$13.80,$14.40,$10.67,$11.40,$19.30,$19.60,$15.30,$15.60,$10.50,$10.80,$20.20,$20.50,$16.20,$16.50,$11.95,$13.34,$26.50,$26.80,$22.50,$22.80,$17.70,$18.00,$11.87 ,$12.60 ,$13.15 ,$14.54 ,$11.47 ,$12.20 ,$12.75 ,$14.14 
3.05 m / 10 ft,010FT,$31.69,$32.43,$13.83,$14.44,$10.70,$11.44,$19.36,$19.66,$15.36,$15.66,$10.56,$10.86,$20.27,$20.58,$16.27,$16.58,$12.00,$13.41,$26.68,$26.98,$22.68,$22.98,$17.88,$18.18,$11.90 ,$12.64 ,$13.20 ,$14.61 ,$11.50 ,$12.24 ,$12.80 ,$14.21 
3.5 m / 11.48 ft,350CM,$31.96,$32.81,$14.10,$14.80,$10.97,$11.82,$19.85,$20.20,$15.85,$16.20,$11.05,$11.40,$20.90,$21.25,$16.90,$17.25,$12.46,$14.08,$28.25,$28.60,$24.25,$24.60,$19.45,$19.80,$12.17 ,$13.02 ,$13.66 ,$15.28 ,$11.77 ,$12.62 ,$13.26 ,$14.88 
3.65 m / 12 ft,012FT,$32.05,$32.93,$14.19,$14.92,$11.06,$11.95,$20.02,$20.38,$16.02,$16.38,$11.22,$11.58,$21.11,$21.48,$17.11,$17.48,$12.61,$14.30,$28.78,$29.14,$24.78,$25.14,$19.98,$20.34,$12.26 ,$13.15 ,$13.81 ,$15.50 ,$11.86 ,$12.75 ,$13.41 ,$15.10 
4 m / 13.12 ft,004M,$32.26,$33.23,$14.40,$15.20,$11.27,$12.24,$20.40,$20.80,$16.40,$16.80,$11.60,$12.00,$21.60,$22.00,$17.60,$18.00,$12.97,$14.82,$30.00,$30.40,$26.00,$26.40,$21.20,$21.60,$12.47 ,$13.44 ,$14.17 ,$16.02 ,$12.07 ,$13.04 ,$13.77 ,$15.62 
4.26 m / 14 ft,014FT,$32.41,$33.44,$14.56,$15.41,$11.43,$12.46,$20.69,$21.11,$16.69,$17.11,$11.89,$12.31,$21.96,$22.39,$17.96,$18.39,$13.24,$15.21,$30.91,$31.34,$26.91,$27.34,$22.11,$22.54,$12.63 ,$13.66 ,$14.44 ,$16.41 ,$12.23 ,$13.26 ,$14.04 ,$16.01 
4.57 m / 15 ft,015FT,$32.60,$33.70,$14.74,$15.66,$11.61,$12.72,$21.03,$21.48,$17.03,$17.48,$12.23,$12.68,$22.40,$22.86,$18.40,$18.86,$13.56,$15.67,$32.00,$32.45,$28.00,$28.45,$23.20,$23.65,$12.81 ,$13.92 ,$14.76 ,$16.87 ,$12.41 ,$13.52 ,$14.36 ,$16.47 
4.87 m / 16 ft,016FT,$32.78,$33.96,$14.92,$15.90,$11.79,$12.97,$21.36,$21.84,$17.36,$17.84,$12.56,$13.04,$22.82,$23.31,$18.82,$19.31,$13.86,$16.11,$33.05,$33.53,$29.05,$29.53,$24.25,$24.73,$12.99 ,$14.17 ,$15.06 ,$17.31 ,$12.59 ,$13.77 ,$14.66 ,$16.91 
5 m / 16.40 ft,005M,$32.86,$34.07,$15.00,$16.00,$11.87,$13.08,$21.50,$22.00,$17.50,$18.00,$12.70,$13.20,$23.00,$23.50,$19.00,$19.50,$14.00,$16.31,$33.50,$34.00,$29.50,$30.00,$24.70,$25.20,$13.07 ,$14.28 ,$15.20 ,$17.51 ,$12.67 ,$13.88 ,$14.80 ,$17.11 
5.48 m / 18 ft,018FT,$33.14,$34.47,$15.29,$16.38,$12.16,$13.48,$22.03,$22.58,$18.03,$18.58,$13.23,$13.78,$23.67,$24.22,$19.67,$20.22,$14.49,$17.02,$35.18,$35.73,$31.18,$31.73,$26.38,$26.93,$13.36 ,$14.68 ,$15.69 ,$18.22 ,$12.96 ,$14.28 ,$15.29 ,$17.82 
6 m / 19.68 ft,006M,$33.45,$34.91,$15.60,$16.80,$12.47,$13.92,$22.60,$23.20,$18.60,$19.20,$13.80,$14.40,$24.40,$25.00,$20.40,$21.00,$15.02,$17.79,$37.00,$37.60,$33.00,$33.60,$28.20,$28.80,$13.67 ,$15.12 ,$16.22 ,$18.99 ,$13.27 ,$14.72 ,$15.82 ,$18.59 
6.09 m / 20 ft,020FT,$33.51,$34.98,$15.65,$16.87,$12.52,$14.00,$22.70,$23.31,$18.70,$19.31,$13.90,$14.51,$24.53,$25.14,$20.53,$21.14,$15.11,$17.92,$37.32,$37.92,$33.32,$33.92,$28.52,$29.12,$13.72 ,$15.20 ,$16.31 ,$19.12 ,$13.32 ,$14.80 ,$15.91 ,$18.72 
7 m / 22.96 ft,007M,$34.05,$35.75,$16.20,$17.60,$13.07,$14.76,$23.70,$24.40,$19.70,$20.40,$14.90,$15.60,$25.80,$26.50,$21.80,$22.50,$16.04,$19.28,$40.50,$41.20,$36.50,$37.20,$31.70,$32.40,$14.27 ,$15.96 ,$17.24 ,$20.48 ,$13.87 ,$15.56 ,$16.84 ,$20.08 
7.62 m / 25 ft,025FT,$34.42,$36.27,$16.57,$18.10,$13.44,$15.28,$24.38,$25.14,$20.38,$21.14,$15.58,$16.34,$26.67,$27.43,$22.67,$23.43,$16.68,$20.20,$42.67,$43.43,$38.67,$39.43,$33.87,$34.63,$14.64 ,$16.48 ,$17.88 ,$21.40 ,$14.24 ,$16.08 ,$17.48 ,$21.00 
8 m / 26.24 ft,008M,$34.65,$36.59,$16.80,$18.40,$13.66,$15.60,$24.80,$25.60,$20.80,$21.60,$16.00,$16.80,$27.20,$28.00,$23.20,$24.00,$17.06,$20.76,$44.00,$44.80,$40.00,$40.80,$35.20,$36.00,$14.86 ,$16.80 ,$18.26 ,$21.96 ,$14.46 ,$16.40 ,$17.86 ,$21.56 
9 m / 29.52 ft,009M,$35.25,$37.43,$17.40,$19.20,$14.26,$16.44,$25.90,$26.80,$21.90,$22.80,$17.10,$18.00,$28.60,$29.50,$24.60,$25.50,$18.09,$22.25,$47.50,$48.40,$43.50,$44.40,$38.70,$39.60,$15.46 ,$17.64 ,$19.29 ,$23.45 ,$15.06 ,$17.24 ,$18.89 ,$23.05 
9.14 m / 30 ft,030FT,$35.33,$37.54,$17.48,$19.31,$14.35,$16.56,$26.05,$26.97,$22.05,$22.97,$17.25,$18.17,$28.80,$29.71,$24.80,$25.71,$18.23,$22.45,$47.99,$48.90,$43.99,$44.90,$39.19,$40.10,$15.55 ,$17.76 ,$19.43 ,$23.65 ,$15.15 ,$17.36 ,$19.03 ,$23.25 
10 m / 32.80 ft,010M,$35.85,$38.27,$18.00,$20.00,$14.86,$17.28,$27.00,$28.00,$23.00,$24.00,$18.20,$19.20,$30.00,$31.00,$26.00,$27.00,$19.11,$23.73,$51.00,$52.00,$47.00,$48.00,$42.20,$43.20,$16.06 ,$18.48 ,$20.31 ,$24.93 ,$15.66 ,$18.08 ,$19.91 ,$24.53 
12 m / 39.37 ft,012M,$37.04,$39.95,$19.20,$21.60,$16.06,$18.96,$29.20,$30.40,$25.20,$26.40,$20.40,$21.60,$32.80,$34.00,$28.80,$30.00,$21.16,$26.70,$58.00,$59.20,$54.00,$55.20,$49.20,$50.40,$17.26 ,$20.16 ,$22.36 ,$27.90 ,$16.86 ,$19.76 ,$21.96 ,$27.50 
12.19 m / 40 ft,040FT,$37.15,$40.10,$19.31,$21.75,$16.17,$19.12,$29.41,$30.63,$25.41,$26.63,$20.61,$21.83,$33.07,$34.29,$29.07,$30.29,$21.35,$26.98,$58.67,$59.88,$54.67,$55.88,$49.87,$51.08,$17.37 ,$20.32 ,$22.55 ,$28.18 ,$16.97 ,$19.92 ,$22.15 ,$27.78 
15 m / 49.21 ft,015M,$38.84,$42.47,$21.00,$24.00,$17.85,$21.48,$32.50,$34.00,$28.50,$30.00,$23.70,$25.20,$37.00,$38.50,$33.00,$34.50,$24.23,$31.16,$68.50,$70.00,$64.50,$66.00,$59.70,$61.20,$19.05 ,$22.68 ,$25.43 ,$32.36 ,$18.65 ,$22.28 ,$25.03 ,$31.96 
15.24 m / 50 ft,050FT,$38.98,$42.67,$21.14,$24.19,$17.99,$21.68,$32.76,$34.29,$28.76,$30.29,$23.96,$25.49,$37.34,$38.86,$33.34,$34.86,$24.47,$31.51,$69.34,$70.86,$65.34,$66.86,$60.54,$62.06,$19.19 ,$22.88 ,$25.67 ,$32.71 ,$18.79 ,$22.48 ,$25.27 ,$32.31 
17 m /  55.77 ft,017M,$40.03,$44.15,$22.20,$25.60,$19.05,$23.16,$34.70,$36.40,$30.70,$32.40,$25.90,$27.60,$39.80,$41.50,$35.80,$37.50,$26.27,$34.13,$75.50,$77.20,$71.50,$73.20,$66.70,$68.40,$20.25 ,$24.36 ,$27.47 ,$35.33 ,$19.85 ,$23.96 ,$27.07 ,$34.93 
18.28 m / 60 ft,060FT,$40.80,$45.22,$22.97,$26.62,$19.81,$24.24,$36.11,$37.94,$32.11,$33.94,$27.31,$29.14,$41.59,$43.42,$37.59,$39.42,$27.58,$36.03,$79.98,$81.81,$75.98,$77.81,$71.18,$73.01,$21.01 ,$25.44 ,$28.78 ,$37.23 ,$20.61 ,$25.04 ,$28.38 ,$36.83 
20 m /  65.61 ft,020M,$41.83,$46.67,$24.00,$28.00,$20.84,$25.68,$38.00,$40.00,$34.00,$36.00,$29.20,$31.20,$44.00,$46.00,$40.00,$42.00,$29.34,$38.58,$86.00,$88.00,$82.00,$84.00,$77.20,$79.20,$22.04 ,$26.88 ,$30.54 ,$39.78 ,$21.64 ,$26.48 ,$30.14 ,$39.38 
21.33 m / 70 ft,070FT,$42.62,$47.78,$24.80,$29.06,$21.64,$26.80,$39.46,$41.60,$35.46,$37.60,$30.66,$32.80,$45.86,$48.00,$41.86,$44.00,$30.70,$40.56,$90.66,$92.79,$86.66,$88.79,$81.86,$83.99,$22.84 ,$28.00 ,$31.90 ,$41.76 ,$22.44 ,$27.60 ,$31.50 ,$41.36 
22 m /  72.17 ft,022M,$43.02,$48.35,$25.20,$29.60,$22.04,$27.36,$40.20,$42.40,$36.20,$38.40,$31.40,$33.60,$46.80,$49.00,$42.80,$45.00,$31.39,$41.55,$93.00,$95.20,$89.00,$91.20,$84.20,$86.40,$23.24 ,$28.56 ,$32.59 ,$42.75 ,$22.84 ,$28.16 ,$32.19 ,$42.35 
22.86 m / 75 ft,075FT,$43.54,$49.07,$25.72,$30.29,$22.55,$28.08,$41.15,$43.43,$37.15,$39.43,$32.35,$34.63,$48.00,$50.29,$44.00,$46.29,$32.27,$42.83,$96.01,$98.30,$92.01,$94.30,$87.21,$89.50,$23.75 ,$29.28 ,$33.47 ,$44.03 ,$23.35 ,$28.88 ,$33.07 ,$43.63 
24.38 m / 80 ft,080FT,$44.44,$50.34,$26.63,$31.50,$23.46,$29.36,$42.82,$45.26,$38.82,$41.26,$34.02,$36.46,$50.13,$52.57,$46.13,$48.57,$33.82,$45.08,$101.33,$103.77,$97.33,$99.77,$92.53,$94.97,$24.66 ,$30.56 ,$35.02 ,$46.28 ,$24.26 ,$30.16 ,$34.62 ,$45.88 
25 m /  82.02 ft,025M,$44.82,$50.87,$27.00,$32.00,$23.83,$29.88,$43.50,$46.00,$39.50,$42.00,$34.70,$37.20,$51.00,$53.50,$47.00,$49.50,$34.46,$46.01,$103.50,$106.00,$99.50,$102.00,$94.70,$97.20,$25.03 ,$31.08 ,$35.66 ,$47.21 ,$24.63 ,$30.68 ,$35.26 ,$46.81 
27.43 m / 90 ft,090FT,$46.27,$52.91,$28.46,$33.94,$25.28,$31.92,$46.17,$48.92,$42.17,$44.92,$37.37,$40.12,$54.40,$57.15,$50.40,$53.15,$36.94,$49.61,$112.01,$114.75,$108.01,$110.75,$103.21,$105.95,$26.48 ,$33.12 ,$38.14 ,$50.81 ,$26.08 ,$32.72 ,$37.74 ,$50.41 
30 m /  98.42 ft,030M,$47.81,$55.07,$30.00,$36.00,$26.82,$34.08,$49.00,$52.00,$45.00,$48.00,$40.20,$43.20,$58.00,$61.00,$54.00,$57.00,$39.57,$53.43,$121.00,$124.00,$117.00,$120.00,$112.20,$115.20,$28.02 ,$35.28 ,$40.77 ,$54.63 ,$27.62 ,$34.88 ,$40.37 ,$54.23 
30.48 m /  100 ft,100FT,$48.09,$55.47,$30.29,$36.38,$27.11,$34.48,$49.53,$52.58,$45.53,$48.58,$40.73,$43.78,$58.67,$61.72,$54.67,$57.72,$40.06,$54.14,$122.68,$125.73,$118.68,$121.73,$113.88,$116.93,$28.31 ,$35.68 ,$41.26 ,$55.34 ,$27.91 ,$35.28 ,$40.86 ,$54.94 
33.52 m / 110 ft,110FT,$49.91,$58.02,$32.11,$38.82,$28.92,$37.04,$52.87,$56.22,$48.87,$52.22,$44.07,$47.42,$62.93,$66.28,$58.93,$62.28,$43.17,$58.66,$133.32,$136.67,$129.32,$132.67,$124.52,$127.87,$30.12 ,$38.24 ,$44.37 ,$59.86 ,$29.72 ,$37.84 ,$43.97 ,$59.46 
35 m / 114.82 ft,035M,$50.80,$59.27,$33.00,$40.00,$29.81,$38.28,$54.50,$58.00,$50.50,$54.00,$45.70,$49.20,$65.00,$68.50,$61.00,$64.50,$44.69,$60.86,$138.50,$142.00,$134.50,$138.00,$129.70,$133.20,$31.01 ,$39.48 ,$45.89 ,$62.06 ,$30.61 ,$39.08 ,$45.49 ,$61.66 
36.57 m / 120 ft,120FT,$51.73,$60.58,$33.94,$41.26,$30.75,$39.60,$56.23,$59.88,$52.23,$55.88,$47.43,$51.08,$67.20,$70.86,$63.20,$66.86,$46.29,$63.19,$144.00,$147.65,$140.00,$143.65,$135.20,$138.85,$31.95 ,$40.80 ,$47.49 ,$64.39 ,$31.55 ,$40.40 ,$47.09 ,$63.99 
38.1 m / 125 ft,125FT,$52.65,$61.87,$34.86,$42.48,$31.66,$40.88,$57.91,$61.72,$53.91,$57.72,$49.11,$52.92,$69.34,$73.15,$65.34,$69.15,$47.86,$65.46,$149.35,$153.16,$145.35,$149.16,$140.55,$144.36,$32.86 ,$42.08 ,$49.06 ,$66.66 ,$32.46 ,$41.68 ,$48.66 ,$66.26 
39.62 m / 130 ft,130FT,$53.56,$63.15,$35.77,$43.70,$32.57,$42.16,$59.58,$63.54,$55.58,$59.54,$50.78,$54.74,$71.47,$75.43,$67.47,$71.43,$49.41,$67.72,$154.67,$158.63,$150.67,$154.63,$145.87,$149.83,$33.77 ,$43.36 ,$50.61 ,$68.92 ,$33.37 ,$42.96 ,$50.21 ,$68.52 
40 m / 131.23 ft,040M,$53.79,$63.47,$36.00,$44.00,$32.80,$42.48,$60.00,$64.00,$56.00,$60.00,$51.20,$55.20,$72.00,$76.00,$68.00,$72.00,$49.80,$68.28,$156.00,$160.00,$152.00,$156.00,$147.20,$151.20,$34.00 ,$43.68 ,$51.00 ,$69.48 ,$33.60 ,$43.28 ,$50.60 ,$69.08 
42.67 m / 140 ft,140FT,$55.38,$65.71,$37.60,$46.14,$34.40,$44.72,$62.94,$67.20,$58.94,$63.20,$54.14,$58.40,$75.74,$80.01,$71.74,$76.01,$52.53,$72.24,$165.35,$169.61,$161.35,$165.61,$156.55,$160.81,$35.60 ,$45.92 ,$53.73 ,$73.44 ,$35.20 ,$45.52 ,$53.33 ,$73.04 
45.72 m / 150 ft,150FT,$57.21,$68.27,$39.43,$48.58,$36.22,$47.28,$66.29,$70.86,$62.29,$66.86,$57.49,$62.06,$80.01,$84.58,$76.01,$80.58,$55.65,$76.77,$176.02,$180.59,$172.02,$176.59,$167.22,$171.79,$37.42 ,$48.48 ,$56.85 ,$77.97 ,$37.02 ,$48.08 ,$56.45 ,$77.57 
48.76 m / 160 ft,160FT,$59.02,$70.82,$41.26,$51.01,$38.04,$49.84,$69.64,$74.51,$65.64,$70.51,$60.84,$65.71,$84.26,$89.14,$80.26,$85.14,$58.76,$81.29,$186.66,$191.54,$182.66,$187.54,$177.86,$182.74,$39.24 ,$51.04 ,$59.96 ,$82.49 ,$38.84 ,$50.64 ,$59.56 ,$82.09 
50 m / 164.04 ft,050M,$59.77,$71.87,$42.00,$52.00,$38.78,$50.88,$71.00,$76.00,$67.00,$72.00,$62.20,$67.20,$86.00,$91.00,$82.00,$87.00,$60.03,$83.13,$191.00,$196.00,$187.00,$192.00,$182.20,$187.20,$39.98 ,$52.08 ,$61.23 ,$84.33 ,$39.58 ,$51.68 ,$60.83 ,$83.93 
53.34 m / 175 ft,175FT,$61.76,$74.67,$44.00,$54.67,$40.78,$53.69,$74.67,$80.01,$70.67,$76.01,$65.87,$71.21,$90.68,$96.01,$86.68,$92.01,$63.45,$88.09,$202.69,$208.02,$198.69,$204.02,$193.89,$199.22,$41.98 ,$54.89 ,$64.65 ,$89.29 ,$41.58 ,$54.49 ,$64.25 ,$88.89 
54.86 m / 180 ft,180FT,$62.67,$75.95,$44.92,$55.89,$41.69,$54.96,$76.35,$81.83,$72.35,$77.83,$67.55,$73.03,$92.80,$98.29,$88.80,$94.29,$65.00,$90.35,$208.01,$213.50,$204.01,$209.50,$199.21,$204.70,$42.89 ,$56.16 ,$66.20 ,$91.55 ,$42.49 ,$55.76 ,$65.80 ,$91.15 
55 m / 180.44 ft,055M,$62.76,$76.07,$45.00,$56.00,$41.77,$55.08,$76.50,$82.00,$72.50,$78.00,$67.70,$73.20,$93.00,$98.50,$89.00,$94.50,$65.15,$90.56,$208.50,$214.00,$204.50,$210.00,$199.70,$205.20,$42.97 ,$56.28 ,$66.35 ,$91.76 ,$42.57 ,$55.88 ,$65.95 ,$91.36 
60.96 m / 200 ft,200FT,$66.32,$81.07,$48.58,$60.77,$45.33,$60.09,$83.06,$89.15,$79.06,$85.15,$74.26,$80.35,$101.34,$107.44,$97.34,$103.44,$71.24,$99.41,$229.36,$235.46,$225.36,$231.46,$220.56,$226.66,$46.53 ,$61.29 ,$72.44 ,$100.61 ,$46.13 ,$60.89 ,$72.04 ,$100.21 
65 m / 213.25 ft,065M,$68.74,$84.47,$51.00,$64.00,$47.75,$63.48,$87.50,$94.00,$83.50,$90.00,$78.70,$85.20,$107.00,$113.50,$103.00,$109.50,$75.38,$105.41,$243.50,$250.00,$239.50,$246.00,$234.70,$241.20,$48.95 ,$64.68 ,$76.58 ,$106.61 ,$48.55 ,$64.28 ,$76.18 ,$106.21 
67.05 m / 220 ft,220FT,$69.96,$86.19,$52.23,$65.64,$48.98,$65.20,$89.76,$96.46,$85.76,$92.46,$80.96,$87.66,$109.87,$116.58,$105.87,$112.58,$77.47,$108.45,$250.68,$257.38,$246.68,$253.38,$241.88,$248.58,$50.18 ,$66.40 ,$78.67 ,$109.65 ,$49.78 ,$66.00 ,$78.27 ,$109.25 
68.58 m / 225 ft,225FT,$70.88,$87.47,$53.15,$66.86,$49.89,$66.49,$91.44,$98.30,$87.44,$94.30,$82.64,$89.50,$112.01,$118.87,$108.01,$114.87,$79.04,$110.72,$256.03,$262.89,$252.03,$258.89,$247.23,$254.09,$51.09 ,$67.69 ,$80.24 ,$111.92 ,$50.69 ,$67.29 ,$79.84 ,$111.52 
70 m / 229.65 ft,070M,$71.73,$88.67,$54.00,$68.00,$50.74,$67.68,$93.00,$100.00,$89.00,$96.00,$84.20,$91.20,$114.00,$121.00,$110.00,$117.00,$80.49,$112.83,$261.00,$268.00,$257.00,$264.00,$252.20,$259.20,$51.94 ,$68.88 ,$81.69 ,$114.03 ,$51.54 ,$68.48 ,$81.29 ,$113.63 
73.15 m / 240 ft,240FT,$73.61,$91.31,$55.89,$70.52,$52.62,$70.33,$96.47,$103.78,$92.47,$99.78,$87.67,$94.98,$118.41,$125.73,$114.41,$121.73,$83.71,$117.51,$272.03,$279.34,$268.03,$275.34,$263.23,$270.54,$53.82 ,$71.53 ,$84.91 ,$118.71 ,$53.42 ,$71.13 ,$84.51 ,$118.31 
76.20 m /  250 ft,250FT,$75.43,$93.87,$57.72,$72.96,$54.45,$72.89,$99.82,$107.44,$95.82,$103.44,$91.02,$98.64,$122.68,$130.30,$118.68,$126.30,$86.83,$122.04,$282.70,$290.32,$278.70,$286.32,$273.90,$281.52,$55.65 ,$74.09 ,$88.03 ,$123.24 ,$55.25 ,$73.69 ,$87.63 ,$122.84 
79.24 m / 260 ft,260FT,$77.25,$96.43,$59.54,$75.39,$56.27,$75.44,$103.16,$111.09,$99.16,$107.09,$94.36,$102.29,$126.94,$134.86,$122.94,$130.86,$89.94,$126.55,$293.34,$301.26,$289.34,$297.26,$284.54,$292.46,$57.47 ,$76.64 ,$91.14 ,$127.75 ,$57.07 ,$76.24 ,$90.74 ,$127.35 
80 m / 262.46 ft,080M,$77.71,$97.07,$60.00,$76.00,$56.72,$76.08,$104.00,$112.00,$100.00,$108.00,$95.20,$103.20,$128.00,$136.00,$124.00,$132.00,$90.72,$127.68,$296.00,$304.00,$292.00,$300.00,$287.20,$295.20,$57.92 ,$77.28 ,$91.92 ,$128.88 ,$57.52 ,$76.88 ,$91.52 ,$128.48 
83.82 m / 275 ft,275FT,$79.99,$100.27,$62.29,$79.06,$59.00,$79.29,$108.20,$116.58,$104.20,$112.58,$99.40,$107.78,$133.35,$141.73,$129.35,$137.73,$94.63,$133.35,$309.37,$317.75,$305.37,$313.75,$300.57,$308.95,$60.20 ,$80.49 ,$95.83 ,$134.55 ,$59.80 ,$80.09 ,$95.43 ,$134.15 
85.34 m / 280 ft,280FT,$80.90,$101.55,$63.20,$80.27,$59.91,$80.57,$109.87,$118.41,$105.87,$114.41,$101.07,$109.61,$135.48,$144.01,$131.48,$140.01,$96.18,$135.61,$314.69,$323.22,$310.69,$319.22,$305.89,$314.42,$61.11 ,$81.77 ,$97.38 ,$136.81 ,$60.71 ,$81.37 ,$96.98 ,$136.41 
90 m / 295.27 ft,090M,$83.69,$105.47,$66.00,$84.00,$62.70,$84.48,$115.00,$124.00,$111.00,$120.00,$106.20,$115.20,$142.00,$151.00,$138.00,$147.00,$100.95,$142.53,$331.00,$340.00,$327.00,$336.00,$322.20,$331.20,$63.90 ,$85.68 ,$102.15 ,$143.73 ,$63.50 ,$85.28 ,$101.75 ,$143.33 
91.44 m /  300 ft,300FT,$84.55,$106.67,$66.86,$85.15,$63.56,$85.69,$116.58,$125.73,$112.58,$121.73,$107.78,$116.93,$144.02,$153.16,$140.02,$149.16,$102.42,$144.67,$336.04,$345.18,$332.04,$341.18,$327.24,$336.38,$64.76 ,$86.89 ,$103.62 ,$145.87 ,$64.36 ,$86.49 ,$103.22 ,$145.47 
95 m /  311.67 ft,095M,$86.68,$109.67,$69.00,$88.00,$65.69,$88.68,$120.50,$130.00,$116.50,$126.00,$111.70,$121.20,$149.00,$158.50,$145.00,$154.50,$106.07,$149.96,$348.50,$358.00,$344.50,$354.00,$339.70,$349.20,$66.89 ,$89.88 ,$107.27 ,$151.16 ,$66.49 ,$89.48 ,$106.87 ,$150.76 
99.06 m / 325 ft,325FT,$89.10,$113.08,$71.44,$91.25,$68.12,$92.09,$124.97,$134.87,$120.97,$130.87,$116.17,$126.07,$154.68,$164.59,$150.68,$160.59,$110.22,$155.98,$362.71,$372.62,$358.71,$368.62,$353.91,$363.82,$69.32 ,$93.29 ,$111.42 ,$157.18 ,$68.92 ,$92.89 ,$111.02 ,$156.78 
100 m / 328.08 ft,100M,$89.67,$113.87,$72.00,$92.00,$68.68,$92.88,$126.00,$136.00,$122.00,$132.00,$117.20,$127.20,$156.00,$166.00,$152.00,$162.00,$111.18,$157.38,$366.00,$376.00,$362.00,$372.00,$357.20,$367.20,$69.88 ,$94.08 ,$112.38 ,$158.58 ,$69.48 ,$93.68 ,$111.98 ,$158.18 
106.68 m / 350 ft,350FT,$93.66,$119.48,$76.01,$97.34,$72.67,$98.49,$133.35,$144.02,$129.35,$140.02,$124.55,$135.22,$165.35,$176.02,$161.35,$172.02,$118.01,$167.30,$389.38,$400.05,$385.38,$396.05,$380.58,$391.25,$73.87 ,$99.69 ,$119.21 ,$168.50 ,$73.47 ,$99.29 ,$118.81 ,$168.10 
114.3 m / 375 ft,375FT,$98.22,$125.88,$80.58,$103.44,$77.23,$104.89,$141.73,$153.16,$137.73,$149.16,$132.93,$144.36,$176.02,$187.45,$172.02,$183.45,$125.81,$178.62,$416.05,$427.48,$412.05,$423.48,$407.25,$418.68,$78.43 ,$106.09 ,$127.01 ,$179.82 ,$78.03 ,$105.69 ,$126.61 ,$179.42 
121.92 m / 400 ft,400FT,$102.77,$132.28,$85.15,$109.54,$81.79,$111.29,$150.11,$162.30,$146.11,$158.30,$141.31,$153.50,$186.69,$198.88,$182.69,$194.88,$133.60,$189.93,$442.72,$454.91,$438.72,$450.91,$433.92,$446.11,$82.99 ,$112.49 ,$134.80 ,$191.13 ,$82.59 ,$112.09 ,$134.40 ,$190.73 
125 m /  410.10 ft,125M,$104.62,$134.87,$87.00,$112.00,$83.63,$113.88,$153.50,$166.00,$149.50,$162.00,$144.70,$157.20,$191.00,$203.50,$187.00,$199.50,$136.76,$194.51,$453.50,$466.00,$449.50,$462.00,$444.70,$457.20,$84.83 ,$115.08 ,$137.96 ,$195.71 ,$84.43 ,$114.68 ,$137.56 ,$195.31 
129.54 m / 425 ft,425FT,$107.33,$138.68,$89.72,$115.63,$86.34,$117.69,$158.49,$171.45,$154.49,$167.45,$149.69,$162.65,$197.36,$210.31,$193.36,$206.31,$141.40,$201.25,$469.39,$482.34,$465.39,$478.34,$460.59,$473.54,$87.54 ,$118.89 ,$142.60 ,$202.45 ,$87.14 ,$118.49 ,$142.20 ,$202.05 
137.16 m / 450 ft,450FT,$111.89,$145.08,$94.30,$121.73,$90.90,$124.09,$166.88,$180.59,$162.88,$176.59,$158.08,$171.79,$208.02,$221.74,$204.02,$217.74,$149.19,$212.56,$496.06,$509.78,$492.06,$505.78,$487.26,$500.98,$92.10 ,$125.29 ,$150.39 ,$213.76 ,$91.70 ,$124.89 ,$149.99 ,$213.36 
144.78 m / 475 ft,475FT,$116.44,$151.48,$98.87,$127.82,$95.46,$130.50,$175.26,$189.74,$171.26,$185.74,$166.46,$180.94,$218.69,$233.17,$214.69,$229.17,$156.99,$223.88,$522.73,$537.21,$518.73,$533.21,$513.93,$528.41,$96.66 ,$131.70 ,$158.19 ,$225.08 ,$96.26 ,$131.30 ,$157.79 ,$224.68 
150 m / 492.12 ft,150M,$119.57,$155.87,$102.00,$132.00,$98.58,$134.88,$181.00,$196.00,$177.00,$192.00,$172.20,$187.20,$226.00,$241.00,$222.00,$237.00,$162.33,$231.63,$541.00,$556.00,$537.00,$552.00,$532.20,$547.20,$99.78 ,$136.08 ,$163.53 ,$232.83 ,$99.38 ,$135.68 ,$163.13 ,$232.43 
152.40 m / 500 ft,500FT,$121.00,$157.88,$103.44,$133.92,$100.02,$136.90,$183.64,$198.88,$179.64,$194.88,$174.84,$190.08,$229.36,$244.60,$225.36,$240.60,$164.79,$235.19,$549.40,$564.64,$545.40,$560.64,$540.60,$555.84,$101.22 ,$138.10 ,$165.99 ,$236.39 ,$100.82 ,$137.70 ,$165.59 ,$235.99 
160.02 m / 525 ft,525FT,$125.56,$164.28,$108.01,$140.02,$104.57,$143.30,,,,,,,$240.03,$256.03,$236.03,$252.03,$172.58,$246.51,$576.07,$592.07,$572.07,$588.07,$567.27,$583.27,$105.77 ,$144.50 ,$173.78 ,$247.71 ,$105.37 ,$144.10 ,$173.38 ,$247.31 
167.64 m / 550 ft,550FT,$130.11,$170.68,$112.58,$146.11,$109.13,$149.70,,,,,,,$250.70,$267.46,$246.70,$263.46,$180.38,$257.83,$602.74,$619.50,$598.74,$615.50,$593.94,$610.70,$110.33 ,$150.90 ,$181.58 ,$259.03 ,$109.93 ,$150.50 ,$181.18 ,$258.63 
175 m / 574.14 ft,175M,$134.52,$176.87,$117.00,$152.00,$113.53,$155.88,,,,,,,$261.00,$278.50,$257.00,$274.50,$187.91,$268.76,$628.50,$646.00,$624.50,$642.00,$619.70,$637.20,$114.73 ,$157.08 ,$189.11 ,$269.96 ,$114.33 ,$156.68 ,$188.71 ,$269.56 
182.88 m / 600 ft,600FT,$139.23,$183.48,$121.73,$158.30,$118.24,$162.50,,,,,,,$272.03,$290.32,$268.03,$286.32,$195.97,$280.46,$656.08,$674.37,$652.08,$670.37,$647.28,$665.57,$119.44 ,$163.70 ,$197.17 ,$281.66 ,$119.04 ,$163.30 ,$196.77 ,$281.26 
200 m / 656.16 ft,200M,$149.47,$197.87,$132.00,$172.00,$128.48,$176.88,,,,,,,$296.00,$316.00,$292.00,$312.00,$213.48,$305.88,$716.00,$736.00,$712.00,$732.00,$707.20,$727.20,$129.68 ,$178.08 ,$214.68 ,$307.08 ,$129.28 ,$177.68 ,$214.28 ,$306.68 
250 m / 820.20 ft,250M,$179.37,$239.87,$162.00,$212.00,$158.38,$218.88,,,,,,,$366.00,$391.00,$362.00,$387.00,$264.63,$380.13,$891.00,$916.00,$887.00,$912.00,$882.20,$907.20,$159.58 ,$220.08 ,$265.83 ,$381.33 ,$159.18 ,$219.68 ,$265.43 ,$380.93 
300 m / 984.25 ft,300M,$209.27,$281.87,$192.00,$252.00,$188.28,$260.88,,,,,,,$436.00,$466.00,$432.00,$462.00,$315.78,$454.38,"$1,066.00","$1,096.00","$1,062.00","$1,092.00","$1,057.20","$1,087.20",$189.48 ,$262.08 ,$316.98 ,$455.58 ,$189.08 ,$261.68 ,$316.58 ,$455.18 
304.8 m / 1000 ft,1000FT,$212.14,$285.90,$194.88,$255.84,$191.15,$264.91,,,,,,,$442.72,$473.20,$438.72,$469.20,$320.69,$461.51,"$1,082.80","$1,113.28","$1,078.80","$1,109.28","$1,074.00","$1,104.48",$192.35 ,$266.11 ,$321.89 ,$462.71 ,$191.95 ,$265.71 ,$321.49 ,$462.31 
350 m / 1148.29 ft,350M,$239.17,$323.87,$222.00,$292.00,$218.18,$302.88,,,,,,,$506.00,$541.00,$502.00,$537.00,$366.93,$528.63,"$1,241.00","$1,276.00","$1,237.00","$1,272.00","$1,232.20","$1,267.20",$219.38 ,$304.08 ,$368.13 ,$529.83 ,$218.98 ,$303.68 ,$367.73 ,$529.43 
400 m / 1312.33 ft,400M,$269.07,$365.87,$252.00,$332.00,$248.08,$344.88,,,,,,,$576.00,$616.00,$572.00,$612.00,$418.08,$602.88,"$1,416.00","$1,456.00","$1,412.00","$1,452.00","$1,407.20","$1,447.20",$249.28 ,$346.08 ,$419.28 ,$604.08 ,$248.88 ,$345.68 ,$418.88 ,$603.68 
500 m / 1640.41 ft,500M,$328.87,$449.87,$312.00,$412.00,$307.88,$428.88,,,,,,,$716.00,$766.00,$712.00,$762.00,$520.38,$751.38,"$1,766.00","$1,816.00","$1,762.00","$1,812.00","$1,757.20","$1,807.20",$309.08 ,$430.08 ,$521.58 ,$752.58 ,$308.68 ,$429.68 ,$521.18 ,$752.18 
550 m / 1804.46 ft,550M,$358.77,$491.87,$342.00,$452.00,$337.78,$470.88,,,,,,,,,,,571.53,825.63,"$1,941.00","$1,996.00","$1,937.00","$1,992.00","$1,932.20","$1,987.20",$338.98 ,$472.08 ,$572.73 ,$826.83 ,$338.58 ,$471.68 ,$572.33 ,$826.43 
1000 m / 3280.83 ft,1000M,$627.87,$869.87,$612.00,$812.00,$606.88,$848.88,,,,,,,,,,,,,"$3,516.00","$3,616.00","$3,512.00","$3,612.00","$3,507.20","$3,607.20",$608.08 ,$850.08 ,,,$607.68 ,$849.68 ,,
2000 m / 6561.66 ft,2000M,"$1,225.87","$1,709.87","$1,212.00","$1,612.00","$1,204.88","$1,688.88",,,,,,,,,,,,,,,,,,,"$1,206.08 ","$1,690.08 ",,,"$1,205.68 ","$1,689.68 ",,
